player_id,full_name,email,country,registered_at
P00001,Ivy Khan,ivy.khan707@mail.test,BR,2026-02-23 08:00:00
P00002,Tara Patel,tara.patel841@mail.test,CA,2025-05-04 06:00:00
P00003,Liam Taylor,liam.taylor795@mail.test,CA,2025-03-21 06:00:00
P00004,Ravi Reid,ravi.reid898@mail.test,DE,2025-08-26 18:00:00
P00005,Lucas Ali,lucas.ali482@mail.test,IN,2025-03-09 21:00:00
P00006,Layla Nair,layla.nair361@mail.test,DE,2025-10-01 17:00:00
P00007,Maya Wong,maya.wong78@mail.test,BR,2025-10-26 05:00:00
P00008,Omar Silva,omar.silva929@mail.test,FI,2025-05-25 10:00:00
P00009,Aiden Lopez,aiden.lopez158@mail.test,FI,2025-07-30 04:00:00
P00010,Tara Costa,tara.costa219@mail.test,IN,2026-01-08 13:00:00
P00011,Hugo Mendis,hugo.mendis976@mail.test,GB,2025-09-08 07:00:00
P00012,Aiden Ahmed,aiden.ahmed154@mail.test,NZ,2025-12-28 03:00:00
P00013,Sofia Khan,sofia.khan568@mail.test,CA,2026-03-06 07:00:00
P00014,Ravi Garcia,ravi.garcia625@mail.test,FI,2025-04-01 12:00:00
P00015,Dev Mendis,dev.mendis617@mail.test,SE,2026-01-11 00:00:00
P00016,Hugo Khan,hugo.khan348@mail.test,GB,2025-04-22 05:00:00
P00017,Noah Novak,noah.novak437@mail.test,BR,2026-02-23 22:00:00
P00018,Layla Lopez,layla.lopez770@mail.test,GB,2025-03-20 16:00:00
P00019,Sofia Patel,sofia.patel321@mail.test,DE,2025-08-28 20:00:00
P00020,Nina Silva,nina.silva434@mail.test,FI,2025-07-14 08:00:00
P00021,Lucas Taylor,lucas.taylor169@mail.test,SE,2025-12-31 12:00:00
P00022,Sofia Costa,sofia.costa108@mail.test,BR,2025-03-24 12:00:00
P00023,Ravi Smith,ravi.smith508@mail.test,NZ,2025-09-15 01:00:00
P00024,Tara Perera,tara.perera486@mail.test,BR,2025-10-08 13:00:00
P00025,Omar Reid,omar.reid67@mail.test,SE,2025-09-23 20:00:00
P00026,Noah Wong,noah.wong637@mail.test,BR,2025-08-07 11:00:00
P00027,Tara Smith,tara.smith469@mail.test,IN,2026-03-12 04:00:00
P00028,Chloe Wong,chloe.wong61@mail.test,FI,2025-04-08 13:00:00
P00029,Yusuf Wong,yusuf.wong781@mail.test,NZ,2025-12-04 10:00:00
P00030,Yusuf Silva,yusuf.silva855@mail.test,FI,2025-10-12 21:00:00
P00031,Ethan Novak,ethan.novak662@mail.test,FI,2025-07-23 14:00:00
P00032,Tara Wong,tara.wong371@mail.test,BR,2025-07-07 20:00:00
P00033,Dev Ahmed,dev.ahmed505@mail.test,GB,2025-10-14 06:00:00
P00034,Chloe Fernando,chloe.fernando216@mail.test,BR,2025-06-11 23:00:00
P00035,Liam Ahmed,liam.ahmed199@mail.test,CA,2025-06-07 16:00:00
P00036,Lucas Brown,lucas.brown893@mail.test,SE,2025-07-24 05:00:00
P00037,Liam Perera,liam.perera955@mail.test,FI,2025-12-14 03:00:00
P00038,Sofia Ahmed,sofia.ahmed291@mail.test,CA,2026-01-29 13:00:00
P00039,Ivy Wong,ivy.wong760@mail.test,DE,2025-09-01 09:00:00
P00040,Sofia Ali,sofia.ali357@mail.test,FI,2025-06-23 16:00:00
P00041,Liam Ahmed,liam.ahmed273@mail.test,DE,2025-09-23 14:00:00
P00042,Liam Wong,liam.wong550@mail.test,FI,2025-11-28 18:00:00
P00043,Maya Novak,maya.novak481@mail.test,DE,2025-06-23 07:00:00
P00044,Lucas Khan,lucas.khan814@mail.test,DE,2025-05-24 03:00:00
P00045,Dev Nair,dev.nair241@mail.test,CA,2025-10-04 21:00:00
P00046,Sofia Brown,sofia.brown467@mail.test,CA,2025-11-08 08:00:00
P00047,Noah Taylor,noah.taylor751@mail.test,DE,2025-10-27 10:00:00
P00048,Zara Ahmed,zara.ahmed131@mail.test,GB,2025-08-15 08:00:00
P00049,Ethan Mendis,ethan.mendis369@mail.test,NZ,2026-03-01 09:00:00
P00050,Amara Perera,amara.perera929@mail.test,CA,2025-12-28 01:00:00
P00051,Yusuf Smith,yusuf.smith866@mail.test,BR,2025-09-15 06:00:00
P00052,Yusuf Novak,yusuf.novak888@mail.test,FI,2025-02-26 22:00:00
P00053,Amara Ahmed,amara.ahmed461@mail.test,FI,2025-04-04 00:00:00
P00054,Aiden Jones,aiden.jones477@mail.test,IN,2026-02-28 10:00:00
P00055,Omar Kim,omar.kim568@mail.test,FI,2025-09-15 23:00:00
P00056,Dev Reid,dev.reid109@mail.test,SE,2025-08-24 06:00:00
P00057,Amara Perera,amara.perera847@mail.test,FI,2026-01-01 09:00:00
P00058,Ivy Khan,ivy.khan889@mail.test,DE,2025-03-01 08:00:00
P00059,Omar Wong,omar.wong268@mail.test,FI,2025-11-26 06:00:00
P00060,Hugo Novak,hugo.novak344@mail.test,NZ,2025-08-03 06:00:00
P00061,Zara Brown,zara.brown170@mail.test,DE,2025-08-22 05:00:00
P00062,Maya Patel,maya.patel948@mail.test,FI,2026-01-14 11:00:00
P00063,Dev Smith,dev.smith680@mail.test,SE,2025-10-22 02:00:00
P00064,Sofia Brown,sofia.brown811@mail.test,NZ,2026-01-15 11:00:00
P00065,Hugo Ali,hugo.ali140@mail.test,CA,2025-12-17 20:00:00
P00066,Dev Novak,dev.novak235@mail.test,NZ,2025-07-05 23:00:00
P00067,Tara Jones,tara.jones265@mail.test,GB,2025-12-11 16:00:00
P00068,Omar Garcia,omar.garcia253@mail.test,FI,2025-10-12 23:00:00
P00069,Amara Jones,amara.jones378@mail.test,SE,2025-05-27 05:00:00
P00070,Noah Garcia,noah.garcia5@mail.test,BR,2025-05-03 16:00:00
P00071,Tara Mendis,tara.mendis39@mail.test,DE,2025-10-03 17:00:00
P00072,Ravi Wong,ravi.wong809@mail.test,FI,2026-01-09 19:00:00
P00073,Layla Lopez,layla.lopez746@mail.test,DE,2026-02-24 06:00:00
P00074,Sofia Silva,sofia.silva196@mail.test,BR,2025-11-03 11:00:00
P00075,Chloe Wong,chloe.wong861@mail.test,BR,2025-10-19 20:00:00
P00076,Nina Khan,nina.khan982@mail.test,DE,2025-07-19 11:00:00
P00077,Omar Brown,omar.brown922@mail.test,GB,2025-10-19 07:00:00
P00078,Lucas Perera,lucas.perera754@mail.test,NZ,2025-12-24 23:00:00
P00079,Chloe Khan,chloe.khan201@mail.test,DE,2026-02-20 19:00:00
P00080,Chloe Brown,chloe.brown289@mail.test,DE,2026-01-17 19:00:00
P00081,Hugo Fernando,hugo.fernando802@mail.test,SE,2025-06-21 10:00:00
P00082,Zara Khan,zara.khan255@mail.test,CA,2025-12-16 04:00:00
P00083,Hugo Fernando,hugo.fernando402@mail.test,NZ,2026-02-06 01:00:00
P00084,Dev Patel,dev.patel399@mail.test,CA,2026-01-01 19:00:00
P00085,Sofia Ali,sofia.ali638@mail.test,IN,2026-03-17 04:00:00
P00086,Noah Ahmed,noah.ahmed916@mail.test,BR,2025-05-23 07:00:00
P00087,Dev Perera,dev.perera228@mail.test,BR,2025-04-26 11:00:00
P00088,Ivy Fernando,ivy.fernando306@mail.test,GB,2026-03-12 17:00:00
P00089,Amara Patel,amara.patel129@mail.test,GB,2025-07-29 01:00:00
P00090,Hugo Khan,hugo.khan727@mail.test,NZ,2025-05-24 07:00:00
P00091,Ivy Silva,ivy.silva527@mail.test,NZ,2025-10-06 02:00:00
P00092,Dev Silva,dev.silva748@mail.test,BR,2025-06-07 02:00:00
P00093,Liam Reid,liam.reid238@mail.test,CA,2025-12-07 20:00:00
P00094,Ravi Fernando,ravi.fernando582@mail.test,FI,2025-09-13 08:00:00
P00095,Amara Reid,amara.reid912@mail.test,FI,2025-10-26 15:00:00
P00096,Lucas Nair,lucas.nair677@mail.test,CA,2025-12-24 13:00:00
P00097,Sofia Lopez,sofia.lopez794@mail.test,IN,2025-09-05 14:00:00
P00098,Lucas Costa,lucas.costa917@mail.test,DE,2025-03-13 00:00:00
P00099,Layla Ahmed,layla.ahmed637@mail.test,SE,2025-03-04 18:00:00
P00100,Tara Brown,tara.brown94@mail.test,BR,2025-09-23 03:00:00
P00101,Ivy Perera,ivy.perera284@mail.test,BR,2025-10-19 05:00:00
P00102,Layla Patel,layla.patel979@mail.test,IN,2025-05-22 04:00:00
P00103,Ethan Brown,ethan.brown769@mail.test,DE,2025-04-14 13:00:00
P00104,Yusuf Nair,yusuf.nair658@mail.test,NZ,2025-11-17 11:00:00
P00105,Aiden Kim,aiden.kim220@mail.test,NZ,2025-05-05 21:00:00
P00106,Emma Patel,emma.patel495@mail.test,IN,2025-06-20 15:00:00
P00107,Ethan Costa,ethan.costa864@mail.test,FI,2026-03-09 21:00:00
P00108,Layla Novak,layla.novak944@mail.test,FI,2025-10-23 16:00:00
P00109,Lucas Fernando,lucas.fernando258@mail.test,BR,2026-03-11 17:00:00
P00110,Lucas Wong,lucas.wong884@mail.test,CA,2025-04-20 10:00:00
P00111,Ravi Novak,ravi.novak778@mail.test,FI,2026-01-05 02:00:00
P00112,Noah Novak,noah.novak28@mail.test,CA,2026-01-09 14:00:00
P00113,Lucas Khan,lucas.khan635@mail.test,CA,2025-03-14 21:00:00
P00114,Ravi Khan,ravi.khan476@mail.test,GB,2025-06-09 20:00:00
P00115,Yusuf Lopez,yusuf.lopez202@mail.test,GB,2025-10-03 02:00:00
P00116,Dev Perera,dev.perera349@mail.test,NZ,2025-04-12 16:00:00
P00117,Liam Nair,liam.nair971@mail.test,DE,2025-08-13 06:00:00
P00118,Hugo Costa,hugo.costa332@mail.test,FI,2025-04-06 08:00:00
P00119,Noah Khan,noah.khan90@mail.test,DE,2026-01-23 13:00:00
P00120,Maya Perera,maya.perera988@mail.test,GB,2026-02-12 18:00:00
P00121,Liam Fernando,liam.fernando826@mail.test,SE,2026-03-02 01:00:00
P00122,Amara Smith,amara.smith630@mail.test,IN,2025-08-12 04:00:00
P00123,Yusuf Novak,yusuf.novak522@mail.test,NZ,2025-04-14 14:00:00
P00124,Omar Wong,omar.wong346@mail.test,DE,2025-06-20 19:00:00
P00125,Sofia Novak,sofia.novak795@mail.test,FI,2025-09-26 03:00:00
P00126,Sofia Ali,sofia.ali246@mail.test,FI,2025-12-17 20:00:00
P00127,Ethan Reid,ethan.reid685@mail.test,SE,2025-05-01 09:00:00
P00128,Maya Mendis,maya.mendis764@mail.test,DE,2025-04-25 18:00:00
P00129,Noah Kim,noah.kim688@mail.test,SE,2025-11-30 12:00:00
P00130,Zara Reid,zara.reid568@mail.test,DE,2025-04-02 05:00:00
P00131,Emma Nair,emma.nair621@mail.test,IN,2025-12-06 16:00:00
P00132,Yusuf Taylor,yusuf.taylor135@mail.test,CA,2025-07-31 07:00:00
P00133,Nina Jones,nina.jones682@mail.test,BR,2025-06-29 05:00:00
P00134,Omar Perera,omar.perera409@mail.test,IN,2026-03-03 12:00:00
P00135,Noah Lopez,noah.lopez441@mail.test,FI,2026-02-26 23:00:00
P00136,Noah Costa,noah.costa829@mail.test,IN,2025-06-09 13:00:00
P00137,Amara Reid,amara.reid472@mail.test,BR,2025-08-26 01:00:00
P00138,Yusuf Wong,yusuf.wong927@mail.test,NZ,2025-09-13 03:00:00
P00139,Ravi Patel,ravi.patel601@mail.test,NZ,2025-09-17 22:00:00
P00140,Maya Novak,maya.novak515@mail.test,SE,2025-06-10 05:00:00
P00141,Hugo Lopez,hugo.lopez493@mail.test,BR,2025-09-21 00:00:00
P00142,Tara Fernando,tara.fernando450@mail.test,BR,2025-09-27 22:00:00
P00143,Noah Khan,noah.khan95@mail.test,BR,2026-01-18 20:00:00
P00144,Omar Ahmed,omar.ahmed768@mail.test,BR,2026-04-01 07:00:00
P00145,Aiden Brown,aiden.brown569@mail.test,NZ,2025-06-13 10:00:00
P00146,Hugo Reid,hugo.reid168@mail.test,IN,2026-01-29 05:00:00
P00147,Ethan Ahmed,ethan.ahmed641@mail.test,CA,2025-07-24 09:00:00
P00148,Amara Silva,amara.silva231@mail.test,DE,2025-10-18 13:00:00
P00149,Ravi Silva,ravi.silva755@mail.test,IN,2025-04-05 21:00:00
P00150,Tara Costa,tara.costa224@mail.test,SE,2025-04-26 17:00:00
P00151,Zara Garcia,zara.garcia263@mail.test,SE,2025-12-07 16:00:00
P00152,Tara Smith,tara.smith989@mail.test,GB,2025-08-12 12:00:00
P00153,Yusuf Wong,yusuf.wong859@mail.test,IN,2025-09-02 16:00:00
P00154,Noah Ahmed,noah.ahmed528@mail.test,SE,2025-03-24 15:00:00
P00155,Ethan Taylor,ethan.taylor439@mail.test,DE,2025-05-03 10:00:00
P00156,Tara Taylor,tara.taylor905@mail.test,BR,2025-03-03 21:00:00
P00157,Zara Smith,zara.smith321@mail.test,SE,2025-05-18 22:00:00
P00158,Emma Silva,emma.silva505@mail.test,BR,2025-08-25 03:00:00
P00159,Omar Garcia,omar.garcia748@mail.test,FI,2025-07-20 19:00:00
P00160,Ethan Fernando,ethan.fernando127@mail.test,IN,2025-11-18 20:00:00
P00161,Ivy Reid,ivy.reid446@mail.test,GB,2026-01-16 01:00:00
P00162,Amara Reid,amara.reid553@mail.test,DE,2025-12-31 05:00:00
P00163,Ethan Khan,ethan.khan177@mail.test,CA,2026-03-24 22:00:00
P00164,Zara Garcia,zara.garcia65@mail.test,GB,2025-07-14 18:00:00
P00165,Emma Costa,emma.costa22@mail.test,GB,2026-03-11 20:00:00
P00166,Sofia Fernando,sofia.fernando606@mail.test,DE,2025-04-27 04:00:00
P00167,Omar Ahmed,omar.ahmed72@mail.test,IN,2026-01-26 08:00:00
P00168,Ivy Khan,ivy.khan11@mail.test,BR,2025-05-16 06:00:00
P00169,Hugo Lopez,hugo.lopez549@mail.test,SE,2026-01-20 04:00:00
P00170,Noah Costa,noah.costa659@mail.test,DE,2026-02-01 19:00:00
P00171,Emma Reid,emma.reid952@mail.test,FI,2025-06-15 09:00:00
P00172,Ethan Taylor,ethan.taylor477@mail.test,FI,2025-09-16 02:00:00
P00173,Noah Wong,noah.wong46@mail.test,GB,2025-11-09 11:00:00
P00174,Lucas Ahmed,lucas.ahmed19@mail.test,CA,2025-11-11 23:00:00
P00175,Yusuf Brown,yusuf.brown610@mail.test,SE,2026-01-09 02:00:00
P00176,Dev Brown,dev.brown711@mail.test,GB,2025-06-22 01:00:00
P00177,Chloe Patel,chloe.patel603@mail.test,SE,2026-02-19 17:00:00
P00178,Aiden Mendis,aiden.mendis224@mail.test,BR,2025-12-24 08:00:00
P00179,Omar Perera,omar.perera177@mail.test,DE,2025-10-01 07:00:00
P00180,Hugo Novak,hugo.novak201@mail.test,BR,2025-05-08 03:00:00
P00181,Aiden Lopez,aiden.lopez924@mail.test,BR,2025-11-26 01:00:00
P00182,Aiden Mendis,aiden.mendis762@mail.test,SE,2025-03-18 00:00:00
P00183,Hugo Brown,hugo.brown969@mail.test,DE,2025-03-09 09:00:00
P00184,Maya Perera,maya.perera849@mail.test,GB,2025-08-25 13:00:00
P00185,Yusuf Kim,yusuf.kim417@mail.test,SE,2025-12-06 21:00:00
P00186,Sofia Garcia,sofia.garcia739@mail.test,SE,2025-08-16 00:00:00
P00187,Lucas Silva,lucas.silva848@mail.test,BR,2026-03-03 09:00:00
P00188,Ravi Fernando,ravi.fernando312@mail.test,NZ,2025-09-25 10:00:00
P00189,Lucas Smith,lucas.smith369@mail.test,NZ,2025-03-10 06:00:00
P00190,Noah Wong,noah.wong463@mail.test,BR,2026-01-21 18:00:00
P00191,Lucas Perera,lucas.perera215@mail.test,NZ,2025-03-21 01:00:00
P00192,Layla Silva,layla.silva851@mail.test,FI,2025-04-24 07:00:00
P00193,Yusuf Kim,yusuf.kim925@mail.test,GB,2025-12-26 04:00:00
P00194,Nina Patel,nina.patel986@mail.test,BR,2025-12-19 04:00:00
P00195,Maya Garcia,maya.garcia673@mail.test,FI,2026-01-30 21:00:00
P00196,Maya Novak,maya.novak475@mail.test,FI,2025-11-16 14:00:00
P00197,Zara Fernando,zara.fernando335@mail.test,GB,2025-06-04 06:00:00
P00198,Ravi Lopez,ravi.lopez842@mail.test,GB,2025-04-29 11:00:00
P00199,Tara Nair,tara.nair650@mail.test,DE,2025-10-05 14:00:00
P00200,Ivy Garcia,ivy.garcia489@mail.test,CA,2026-02-13 16:00:00
P00201,Sofia Silva,sofia.silva687@mail.test,DE,2026-02-03 12:00:00
P00202,Zara Kim,zara.kim140@mail.test,DE,2026-03-14 02:00:00
P00203,Omar Fernando,omar.fernando521@mail.test,CA,2025-10-08 09:00:00
P00204,Aiden Garcia,aiden.garcia614@mail.test,CA,2025-12-10 20:00:00
P00205,Nina Ali,nina.ali109@mail.test,IN,2025-11-02 15:00:00
P00206,Noah Lopez,noah.lopez456@mail.test,CA,2026-03-26 21:00:00
P00207,Dev Smith,dev.smith378@mail.test,FI,2025-10-26 12:00:00
P00208,Emma Khan,emma.khan22@mail.test,SE,2025-09-01 09:00:00
P00209,Ethan Mendis,ethan.mendis421@mail.test,SE,2025-09-08 12:00:00
P00210,Amara Costa,amara.costa941@mail.test,CA,2026-02-19 04:00:00
P00211,Yusuf Brown,yusuf.brown763@mail.test,NZ,2026-03-24 23:00:00
P00212,Amara Fernando,amara.fernando632@mail.test,CA,2025-12-09 12:00:00
P00213,Tara Wong,tara.wong43@mail.test,CA,2025-03-27 23:00:00
P00214,Ravi Fernando,ravi.fernando147@mail.test,FI,2025-10-06 22:00:00
P00215,Tara Silva,tara.silva17@mail.test,GB,2025-06-21 04:00:00
P00216,Dev Fernando,dev.fernando324@mail.test,GB,2025-10-02 04:00:00
P00217,Tara Nair,tara.nair474@mail.test,GB,2025-09-21 07:00:00
P00218,Maya Wong,maya.wong944@mail.test,NZ,2026-02-07 09:00:00
P00219,Ravi Smith,ravi.smith91@mail.test,BR,2025-12-16 13:00:00
P00220,Hugo Wong,hugo.wong502@mail.test,NZ,2025-10-13 00:00:00
P00221,Zara Mendis,zara.mendis504@mail.test,SE,2025-03-10 22:00:00
P00222,Omar Khan,omar.khan279@mail.test,IN,2025-04-23 07:00:00
P00223,Layla Lopez,layla.lopez530@mail.test,NZ,2025-04-25 17:00:00
P00224,Sofia Wong,sofia.wong301@mail.test,DE,2025-03-07 10:00:00
P00225,Layla Jones,layla.jones200@mail.test,SE,2026-03-19 19:00:00
P00226,Sofia Fernando,sofia.fernando674@mail.test,CA,2025-07-03 22:00:00
P00227,Layla Novak,layla.novak349@mail.test,CA,2025-12-17 00:00:00
P00228,Chloe Garcia,chloe.garcia361@mail.test,GB,2025-06-19 22:00:00
P00229,Emma Nair,emma.nair214@mail.test,GB,2025-04-25 02:00:00
P00230,Ethan Wong,ethan.wong39@mail.test,BR,2025-04-06 20:00:00
P00231,Liam Reid,liam.reid238@mail.test,SE,2025-09-16 02:00:00
P00232,Liam Nair,liam.nair806@mail.test,NZ,2025-06-06 16:00:00
P00233,Yusuf Silva,yusuf.silva709@mail.test,IN,2025-03-23 10:00:00
P00234,Tara Kim,tara.kim341@mail.test,BR,2025-06-21 08:00:00
P00235,Ravi Costa,ravi.costa533@mail.test,FI,2026-01-26 05:00:00
P00236,Yusuf Lopez,yusuf.lopez15@mail.test,GB,2026-01-20 21:00:00
P00237,Zara Nair,zara.nair40@mail.test,NZ,2025-03-27 05:00:00
P00238,Noah Lopez,noah.lopez274@mail.test,FI,2026-02-17 12:00:00
P00239,Zara Nair,zara.nair193@mail.test,NZ,2026-03-18 16:00:00
P00240,Layla Reid,layla.reid339@mail.test,CA,2025-06-15 20:00:00
P00241,Maya Patel,maya.patel26@mail.test,DE,2025-11-21 15:00:00
P00242,Amara Jones,amara.jones989@mail.test,CA,2026-01-10 13:00:00
P00243,Ravi Ali,ravi.ali531@mail.test,NZ,2025-03-26 02:00:00
P00244,Amara Perera,amara.perera764@mail.test,SE,2025-11-26 01:00:00
P00245,Ivy Silva,ivy.silva434@mail.test,GB,2025-04-29 22:00:00
P00246,Dev Ali,dev.ali308@mail.test,GB,2025-05-31 10:00:00
P00247,Maya Taylor,maya.taylor993@mail.test,IN,2025-03-26 23:00:00
P00248,Maya Nair,maya.nair655@mail.test,DE,2025-05-28 01:00:00
P00249,Amara Wong,amara.wong798@mail.test,FI,2026-01-09 08:00:00
P00250,Ivy Lopez,ivy.lopez98@mail.test,FI,2025-08-04 00:00:00
P00251,Omar Mendis,omar.mendis43@mail.test,SE,2025-08-29 22:00:00
P00252,Zara Reid,zara.reid392@mail.test,FI,2025-10-04 22:00:00
P00253,Ivy Silva,ivy.silva270@mail.test,FI,2025-10-13 02:00:00
P00254,Omar Ali,omar.ali328@mail.test,SE,2025-04-10 20:00:00
P00255,Omar Kim,omar.kim257@mail.test,CA,2025-09-12 02:00:00
P00256,Sofia Ali,sofia.ali352@mail.test,BR,2025-09-12 02:00:00
P00257,Omar Kim,omar.kim823@mail.test,NZ,2025-08-19 02:00:00
P00258,Tara Smith,tara.smith784@mail.test,IN,2025-12-20 08:00:00
P00259,Dev Silva,dev.silva142@mail.test,NZ,2025-03-11 03:00:00
P00260,Sofia Brown,sofia.brown817@mail.test,CA,2025-09-03 02:00:00
P00261,Zara Silva,zara.silva928@mail.test,NZ,2026-01-25 15:00:00
P00262,Emma Ahmed,emma.ahmed720@mail.test,CA,2026-02-14 16:00:00
P00263,Emma Silva,emma.silva815@mail.test,GB,2026-03-08 16:00:00
P00264,Ravi Nair,ravi.nair259@mail.test,GB,2025-06-22 00:00:00
P00265,Liam Ahmed,liam.ahmed936@mail.test,CA,2025-07-10 18:00:00
P00266,Sofia Nair,sofia.nair323@mail.test,GB,2025-04-09 12:00:00
P00267,Lucas Kim,lucas.kim442@mail.test,IN,2025-08-09 16:00:00
P00268,Liam Wong,liam.wong998@mail.test,FI,2026-01-29 10:00:00
P00269,Ivy Nair,ivy.nair482@mail.test,FI,2025-10-01 15:00:00
P00270,Maya Mendis,maya.mendis114@mail.test,BR,2025-03-29 20:00:00
P00271,Hugo Lopez,hugo.lopez315@mail.test,CA,2025-03-27 07:00:00
P00272,Chloe Wong,chloe.wong416@mail.test,CA,2025-11-11 08:00:00
P00273,Ivy Mendis,ivy.mendis253@mail.test,IN,2026-01-16 02:00:00
P00274,Maya Jones,maya.jones39@mail.test,GB,2025-06-24 05:00:00
P00275,Ethan Jones,ethan.jones655@mail.test,IN,2025-07-14 04:00:00
P00276,Hugo Mendis,hugo.mendis748@mail.test,IN,2026-02-23 14:00:00
P00277,Liam Mendis,liam.mendis320@mail.test,NZ,2025-04-16 23:00:00
P00278,Ravi Kim,ravi.kim297@mail.test,FI,2025-11-06 17:00:00
P00279,Layla Fernando,layla.fernando255@mail.test,SE,2026-03-07 22:00:00
P00280,Sofia Garcia,sofia.garcia262@mail.test,CA,2025-10-29 09:00:00
P00281,Layla Brown,layla.brown345@mail.test,SE,2025-07-24 15:00:00
P00282,Amara Smith,amara.smith379@mail.test,CA,2025-08-31 23:00:00
P00283,Tara Nair,tara.nair521@mail.test,GB,2026-02-28 12:00:00
P00284,Amara Ahmed,amara.ahmed59@mail.test,SE,2025-04-03 19:00:00
P00285,Nina Fernando,nina.fernando985@mail.test,FI,2025-10-12 23:00:00
P00286,Maya Novak,maya.novak561@mail.test,GB,2025-03-22 00:00:00
P00287,Amara Smith,amara.smith507@mail.test,GB,2026-02-10 09:00:00
P00288,Ivy Jones,ivy.jones628@mail.test,NZ,2025-06-17 16:00:00
P00289,Amara Jones,amara.jones841@mail.test,BR,2025-07-30 21:00:00
P00290,Aiden Perera,aiden.perera556@mail.test,SE,2025-04-19 02:00:00
P00291,Ivy Ali,ivy.ali648@mail.test,IN,2026-01-04 07:00:00
P00292,Sofia Mendis,sofia.mendis339@mail.test,SE,2025-10-15 00:00:00
P00293,Noah Garcia,noah.garcia94@mail.test,IN,2025-06-24 14:00:00
P00294,Amara Perera,amara.perera200@mail.test,CA,2025-04-12 10:00:00
P00295,Tara Silva,tara.silva707@mail.test,BR,2025-12-05 09:00:00
P00296,Ethan Patel,ethan.patel299@mail.test,SE,2025-07-31 10:00:00
P00297,Lucas Patel,lucas.patel44@mail.test,NZ,2026-03-16 03:00:00
P00298,Lucas Reid,lucas.reid947@mail.test,CA,2026-03-31 21:00:00
P00299,Chloe Brown,chloe.brown486@mail.test,FI,2025-06-03 10:00:00
P00300,Ethan Ali,ethan.ali521@mail.test,BR,2025-10-08 04:00:00
P00301,Emma Patel,emma.patel897@mail.test,BR,2025-10-10 14:00:00
P00302,Maya Ahmed,maya.ahmed384@mail.test,GB,2025-02-28 15:00:00
P00303,Layla Khan,layla.khan287@mail.test,CA,2026-01-19 12:00:00
P00304,Amara Costa,amara.costa496@mail.test,BR,2026-01-21 04:00:00
P00305,Aiden Reid,aiden.reid67@mail.test,GB,2025-03-31 16:00:00
P00306,Maya Nair,maya.nair263@mail.test,IN,2025-10-23 11:00:00
P00307,Noah Khan,noah.khan198@mail.test,DE,2025-03-03 15:00:00
P00308,Chloe Costa,chloe.costa580@mail.test,DE,2025-08-15 20:00:00
P00309,Dev Lopez,dev.lopez139@mail.test,SE,2025-11-01 15:00:00
P00310,Nina Brown,nina.brown867@mail.test,FI,2025-10-12 04:00:00
P00311,Emma Garcia,emma.garcia70@mail.test,CA,2025-11-05 02:00:00
P00312,Maya Fernando,maya.fernando727@mail.test,NZ,2026-01-24 09:00:00
P00313,Lucas Smith,lucas.smith67@mail.test,NZ,2025-12-07 00:00:00
P00314,Dev Perera,dev.perera89@mail.test,CA,2025-04-22 09:00:00
P00315,Maya Fernando,maya.fernando852@mail.test,SE,2026-03-23 18:00:00
P00316,Ravi Ali,ravi.ali426@mail.test,CA,2025-12-28 22:00:00
P00317,Chloe Smith,chloe.smith500@mail.test,NZ,2025-05-19 18:00:00
P00318,Sofia Jones,sofia.jones830@mail.test,NZ,2025-03-02 19:00:00
P00319,Chloe Perera,chloe.perera885@mail.test,GB,2026-03-11 13:00:00
P00320,Nina Ali,nina.ali263@mail.test,FI,2025-07-10 20:00:00
P00321,Layla Lopez,layla.lopez521@mail.test,CA,2025-10-15 02:00:00
P00322,Ethan Garcia,ethan.garcia305@mail.test,FI,2025-09-28 20:00:00
P00323,Layla Smith,layla.smith150@mail.test,FI,2025-12-22 17:00:00
P00324,Yusuf Jones,yusuf.jones134@mail.test,IN,2025-04-18 10:00:00
P00325,Dev Perera,dev.perera238@mail.test,IN,2025-06-29 22:00:00
P00326,Aiden Khan,aiden.khan48@mail.test,CA,2026-01-31 03:00:00
P00327,Tara Nair,tara.nair45@mail.test,CA,2025-05-31 08:00:00
P00328,Maya Costa,maya.costa591@mail.test,CA,2025-06-06 05:00:00
P00329,Layla Jones,layla.jones11@mail.test,CA,2025-06-04 16:00:00
P00330,Tara Reid,tara.reid258@mail.test,IN,2025-08-06 09:00:00
P00331,Liam Ahmed,liam.ahmed555@mail.test,BR,2026-01-16 00:00:00
P00332,Amara Garcia,amara.garcia752@mail.test,IN,2025-08-06 10:00:00
P00333,Dev Brown,dev.brown247@mail.test,BR,2025-04-09 18:00:00
P00334,Zara Mendis,zara.mendis330@mail.test,BR,2025-08-23 11:00:00
P00335,Nina Taylor,nina.taylor973@mail.test,IN,2025-03-26 01:00:00
P00336,Ravi Taylor,ravi.taylor487@mail.test,CA,2025-10-16 09:00:00
P00337,Noah Reid,noah.reid527@mail.test,DE,2026-02-17 18:00:00
P00338,Hugo Ali,hugo.ali124@mail.test,GB,2026-03-06 16:00:00
P00339,Amara Costa,amara.costa97@mail.test,DE,2026-01-13 12:00:00
P00340,Lucas Khan,lucas.khan69@mail.test,GB,2025-04-07 20:00:00
P00341,Yusuf Nair,yusuf.nair756@mail.test,GB,2025-06-29 16:00:00
P00342,Lucas Mendis,lucas.mendis586@mail.test,IN,2025-05-06 18:00:00
P00343,Nina Silva,nina.silva956@mail.test,GB,2025-11-24 20:00:00
P00344,Nina Novak,nina.novak437@mail.test,SE,2026-03-03 09:00:00
P00345,Tara Kim,tara.kim161@mail.test,GB,2025-06-03 18:00:00
P00346,Ravi Lopez,ravi.lopez481@mail.test,FI,2026-01-11 09:00:00
P00347,Aiden Kim,aiden.kim404@mail.test,FI,2025-08-15 02:00:00
P00348,Emma Lopez,emma.lopez657@mail.test,BR,2026-03-01 12:00:00
P00349,Yusuf Nair,yusuf.nair789@mail.test,FI,2025-06-17 09:00:00
P00350,Ravi Smith,ravi.smith605@mail.test,FI,2025-07-26 21:00:00
P00351,Zara Costa,zara.costa527@mail.test,NZ,2026-02-19 05:00:00
P00352,Nina Lopez,nina.lopez91@mail.test,IN,2025-04-18 02:00:00
P00353,Noah Smith,noah.smith733@mail.test,NZ,2025-08-07 08:00:00
P00354,Emma Reid,emma.reid591@mail.test,CA,2025-05-05 18:00:00
P00355,Omar Costa,omar.costa863@mail.test,GB,2025-11-17 10:00:00
P00356,Ravi Nair,ravi.nair368@mail.test,CA,2025-06-16 17:00:00
P00357,Liam Ahmed,liam.ahmed193@mail.test,DE,2026-03-12 13:00:00
P00358,Hugo Ahmed,hugo.ahmed505@mail.test,NZ,2025-11-04 20:00:00
P00359,Liam Brown,liam.brown338@mail.test,GB,2025-12-29 21:00:00
P00360,Layla Costa,layla.costa771@mail.test,FI,2025-05-11 17:00:00
P00361,Liam Taylor,liam.taylor608@mail.test,NZ,2025-05-16 03:00:00
P00362,Omar Silva,omar.silva51@mail.test,NZ,2026-01-08 08:00:00
P00363,Ivy Patel,ivy.patel522@mail.test,NZ,2025-03-29 20:00:00
P00364,Noah Wong,noah.wong818@mail.test,SE,2025-08-24 06:00:00
P00365,Aiden Patel,aiden.patel682@mail.test,FI,2025-09-14 09:00:00
P00366,Dev Wong,dev.wong277@mail.test,FI,2025-03-17 23:00:00
P00367,Hugo Garcia,hugo.garcia936@mail.test,GB,2026-03-11 04:00:00
P00368,Yusuf Mendis,yusuf.mendis462@mail.test,SE,2025-09-01 13:00:00
P00369,Liam Nair,liam.nair97@mail.test,SE,2025-10-16 17:00:00
P00370,Dev Ahmed,dev.ahmed146@mail.test,GB,2025-12-29 15:00:00
P00371,Ravi Reid,ravi.reid215@mail.test,CA,2026-01-01 19:00:00
P00372,Emma Costa,emma.costa368@mail.test,FI,2026-01-25 19:00:00
P00373,Hugo Novak,hugo.novak151@mail.test,NZ,2025-07-25 14:00:00
P00374,Hugo Taylor,hugo.taylor828@mail.test,CA,2025-04-01 02:00:00
P00375,Yusuf Patel,yusuf.patel638@mail.test,BR,2025-07-24 01:00:00
P00376,Aiden Smith,aiden.smith957@mail.test,NZ,2025-06-30 01:00:00
P00377,Amara Khan,amara.khan377@mail.test,CA,2025-08-10 08:00:00
P00378,Ravi Lopez,ravi.lopez507@mail.test,GB,2026-03-28 14:00:00
P00379,Ethan Costa,ethan.costa250@mail.test,DE,2025-10-09 00:00:00
P00380,Layla Smith,layla.smith968@mail.test,IN,2025-09-03 18:00:00
P00381,Ethan Taylor,ethan.taylor294@mail.test,BR,2026-01-23 05:00:00
P00382,Chloe Khan,chloe.khan643@mail.test,FI,2025-12-03 11:00:00
P00383,Zara Fernando,zara.fernando692@mail.test,NZ,2025-03-17 15:00:00
P00384,Zara Nair,zara.nair463@mail.test,FI,2026-03-22 11:00:00
P00385,Yusuf Patel,yusuf.patel677@mail.test,GB,2026-03-20 15:00:00
P00386,Ravi Garcia,ravi.garcia603@mail.test,CA,2025-06-07 11:00:00
P00387,Aiden Wong,aiden.wong100@mail.test,IN,2025-10-24 22:00:00
P00388,Tara Ahmed,tara.ahmed16@mail.test,SE,2025-07-13 03:00:00
P00389,Amara Kim,amara.kim826@mail.test,CA,2025-08-22 06:00:00
P00390,Yusuf Nair,yusuf.nair696@mail.test,FI,2025-08-26 07:00:00
P00391,Liam Khan,liam.khan925@mail.test,IN,2026-01-26 20:00:00
P00392,Dev Ahmed,dev.ahmed77@mail.test,SE,2026-03-21 13:00:00
P00393,Aiden Patel,aiden.patel445@mail.test,FI,2026-01-13 16:00:00
P00394,Sofia Brown,sofia.brown451@mail.test,GB,2025-11-18 09:00:00
P00395,Amara Patel,amara.patel892@mail.test,FI,2025-10-23 17:00:00
P00396,Liam Costa,liam.costa295@mail.test,SE,2025-07-15 17:00:00
P00397,Maya Ahmed,maya.ahmed407@mail.test,NZ,2025-04-01 23:00:00
P00398,Tara Novak,tara.novak411@mail.test,FI,2025-03-21 03:00:00
P00399,Chloe Wong,chloe.wong752@mail.test,IN,2025-07-09 01:00:00
P00400,Liam Kim,liam.kim613@mail.test,FI,2026-03-19 04:00:00
P00401,Nina Perera,nina.perera351@mail.test,CA,2025-12-30 13:00:00
P00402,Dev Fernando,dev.fernando492@mail.test,CA,2025-04-13 20:00:00
P00403,Zara Khan,zara.khan494@mail.test,CA,2025-05-27 04:00:00
P00404,Ivy Jones,ivy.jones822@mail.test,NZ,2026-01-12 18:00:00
P00405,Ivy Taylor,ivy.taylor958@mail.test,CA,2025-04-06 16:00:00
P00406,Hugo Taylor,hugo.taylor571@mail.test,DE,2025-12-31 04:00:00
P00407,Emma Lopez,emma.lopez342@mail.test,GB,2025-10-15 10:00:00
P00408,Noah Reid,noah.reid83@mail.test,BR,2025-12-07 08:00:00
P00409,Ivy Fernando,ivy.fernando629@mail.test,SE,2025-09-15 15:00:00
P00410,Omar Brown,omar.brown464@mail.test,BR,2025-09-05 08:00:00
P00411,Dev Ahmed,dev.ahmed198@mail.test,SE,2026-01-07 11:00:00
P00412,Amara Reid,amara.reid574@mail.test,CA,2025-06-20 15:00:00
P00413,Zara Costa,zara.costa880@mail.test,CA,2025-04-21 12:00:00
P00414,Amara Smith,amara.smith664@mail.test,DE,2025-06-14 20:00:00
P00415,Tara Silva,tara.silva420@mail.test,DE,2025-04-28 03:00:00
P00416,Lucas Perera,lucas.perera452@mail.test,NZ,2025-05-11 18:00:00
P00417,Layla Novak,layla.novak565@mail.test,BR,2025-03-27 10:00:00
P00418,Noah Lopez,noah.lopez840@mail.test,SE,2026-02-18 12:00:00
P00419,Layla Jones,layla.jones246@mail.test,DE,2025-10-25 19:00:00
P00420,Dev Ahmed,dev.ahmed894@mail.test,BR,2025-09-17 03:00:00
P00421,Emma Ahmed,emma.ahmed467@mail.test,CA,2026-03-05 11:00:00
P00422,Omar Nair,omar.nair398@mail.test,IN,2025-07-30 03:00:00
P00423,Emma Brown,emma.brown500@mail.test,GB,2025-09-24 14:00:00
P00424,Dev Garcia,dev.garcia745@mail.test,GB,2025-09-25 13:00:00
P00425,Dev Jones,dev.jones852@mail.test,CA,2025-11-16 07:00:00
P00426,Emma Garcia,emma.garcia285@mail.test,FI,2026-01-29 04:00:00
P00427,Noah Wong,noah.wong671@mail.test,DE,2025-06-10 17:00:00
P00428,Ravi Silva,ravi.silva947@mail.test,IN,2025-12-20 23:00:00
P00429,Ivy Brown,ivy.brown985@mail.test,IN,2025-10-30 02:00:00
P00430,Sofia Costa,sofia.costa819@mail.test,BR,2025-04-16 08:00:00
P00431,Layla Taylor,layla.taylor869@mail.test,FI,2026-03-20 21:00:00
P00432,Ravi Smith,ravi.smith388@mail.test,SE,2025-07-01 08:00:00
P00433,Lucas Smith,lucas.smith468@mail.test,BR,2025-05-12 02:00:00
P00434,Noah Ahmed,noah.ahmed171@mail.test,BR,2025-04-09 14:00:00
P00435,Tara Perera,tara.perera247@mail.test,CA,2025-07-19 14:00:00
P00436,Liam Smith,liam.smith859@mail.test,NZ,2025-10-23 15:00:00
P00437,Ravi Fernando,ravi.fernando989@mail.test,IN,2025-12-31 15:00:00
P00438,Emma Fernando,emma.fernando512@mail.test,NZ,2026-03-27 20:00:00
P00439,Layla Garcia,layla.garcia410@mail.test,IN,2025-05-13 12:00:00
P00440,Lucas Costa,lucas.costa784@mail.test,CA,2026-01-23 12:00:00
P00441,Layla Fernando,layla.fernando892@mail.test,NZ,2026-02-05 07:00:00
P00442,Zara Silva,zara.silva554@mail.test,GB,2026-03-31 09:00:00
P00443,Zara Jones,zara.jones460@mail.test,FI,2025-11-19 02:00:00
P00444,Ravi Nair,ravi.nair706@mail.test,GB,2026-01-18 02:00:00
P00445,Maya Lopez,maya.lopez843@mail.test,BR,2025-08-15 23:00:00
P00446,Amara Mendis,amara.mendis360@mail.test,IN,2026-01-21 10:00:00
P00447,Noah Ali,noah.ali187@mail.test,FI,2025-05-23 08:00:00
P00448,Aiden Taylor,aiden.taylor225@mail.test,GB,2025-09-15 23:00:00
P00449,Dev Khan,dev.khan81@mail.test,BR,2025-04-01 01:00:00
P00450,Amara Taylor,amara.taylor868@mail.test,BR,2025-04-14 19:00:00
P00451,Nina Jones,nina.jones525@mail.test,IN,2025-06-27 01:00:00
P00452,Hugo Patel,hugo.patel101@mail.test,BR,2025-07-15 12:00:00
P00453,Maya Jones,maya.jones943@mail.test,BR,2025-11-26 01:00:00
P00454,Nina Perera,nina.perera840@mail.test,FI,2025-10-05 04:00:00
P00455,Sofia Nair,sofia.nair798@mail.test,DE,2025-03-01 13:00:00
P00456,Aiden Brown,aiden.brown753@mail.test,BR,2025-04-11 07:00:00
P00457,Yusuf Jones,yusuf.jones514@mail.test,GB,2025-11-11 07:00:00
P00458,Liam Kim,liam.kim117@mail.test,FI,2025-12-19 01:00:00
P00459,Yusuf Brown,yusuf.brown351@mail.test,CA,2026-02-18 04:00:00
P00460,Nina Brown,nina.brown686@mail.test,SE,2026-01-05 12:00:00
P00461,Hugo Kim,hugo.kim385@mail.test,BR,2025-08-29 03:00:00
P00462,Maya Kim,maya.kim739@mail.test,DE,2025-05-03 10:00:00
P00463,Dev Perera,dev.perera579@mail.test,BR,2025-03-03 14:00:00
P00464,Layla Fernando,layla.fernando679@mail.test,FI,2025-07-25 16:00:00
P00465,Tara Smith,tara.smith492@mail.test,BR,2025-05-28 16:00:00
P00466,Emma Patel,emma.patel119@mail.test,CA,2026-03-07 21:00:00
P00467,Ethan Jones,ethan.jones730@mail.test,FI,2025-12-25 06:00:00
P00468,Sofia Smith,sofia.smith45@mail.test,DE,2026-01-18 19:00:00
P00469,Nina Novak,nina.novak40@mail.test,IN,2025-04-17 09:00:00
P00470,Emma Fernando,emma.fernando282@mail.test,FI,2026-03-20 22:00:00
P00471,Omar Khan,omar.khan922@mail.test,FI,2025-08-05 12:00:00
P00472,Nina Patel,nina.patel54@mail.test,NZ,2025-12-08 08:00:00
P00473,Tara Taylor,tara.taylor738@mail.test,GB,2025-11-26 22:00:00
P00474,Noah Costa,noah.costa811@mail.test,BR,2025-09-27 11:00:00
P00475,Noah Mendis,noah.mendis451@mail.test,BR,2025-06-11 06:00:00
P00476,Dev Ali,dev.ali683@mail.test,CA,2025-09-28 09:00:00
P00477,Yusuf Kim,yusuf.kim270@mail.test,BR,2025-07-19 21:00:00
P00478,Aiden Silva,aiden.silva786@mail.test,IN,2025-11-04 05:00:00
P00479,Omar Ali,omar.ali245@mail.test,FI,2025-10-11 02:00:00
P00480,Emma Mendis,emma.mendis233@mail.test,BR,2026-01-07 17:00:00
P00481,Amara Wong,amara.wong376@mail.test,BR,2026-03-06 03:00:00
P00482,Omar Lopez,omar.lopez814@mail.test,IN,2025-10-31 13:00:00
P00483,Amara Nair,amara.nair938@mail.test,IN,2025-11-24 01:00:00
P00484,Omar Silva,omar.silva747@mail.test,GB,2025-10-04 21:00:00
P00485,Omar Garcia,omar.garcia525@mail.test,DE,2025-10-01 23:00:00
P00486,Liam Novak,liam.novak415@mail.test,FI,2025-11-26 01:00:00
P00487,Omar Garcia,omar.garcia556@mail.test,CA,2026-02-11 16:00:00
P00488,Aiden Ali,aiden.ali621@mail.test,NZ,2025-03-25 10:00:00
P00489,Aiden Novak,aiden.novak250@mail.test,NZ,2025-09-30 00:00:00
P00490,Noah Khan,noah.khan275@mail.test,DE,2026-02-13 18:00:00
P00491,Ravi Fernando,ravi.fernando1@mail.test,GB,2025-10-22 15:00:00
P00492,Maya Lopez,maya.lopez549@mail.test,CA,2026-01-26 09:00:00
P00493,Ravi Lopez,ravi.lopez222@mail.test,IN,2025-11-20 22:00:00
P00494,Hugo Ahmed,hugo.ahmed109@mail.test,SE,2026-03-22 23:00:00
P00495,Liam Mendis,liam.mendis980@mail.test,BR,2026-02-09 09:00:00
P00496,Yusuf Fernando,yusuf.fernando985@mail.test,SE,2025-07-29 06:00:00
P00497,Tara Novak,tara.novak204@mail.test,FI,2026-02-24 18:00:00
P00498,Omar Khan,omar.khan384@mail.test,IN,2025-07-27 03:00:00
P00499,Liam Novak,liam.novak996@mail.test,IN,2025-03-25 14:00:00
P00500,Yusuf Nair,yusuf.nair966@mail.test,BR,2025-11-01 08:00:00
P00501,Hugo Ahmed,hugo.ahmed567@mail.test,BR,2026-03-09 19:00:00
P00502,Liam Fernando,liam.fernando533@mail.test,DE,2025-06-24 17:00:00
P00503,Chloe Lopez,chloe.lopez155@mail.test,FI,2025-07-06 05:00:00
P00504,Ivy Mendis,ivy.mendis35@mail.test,CA,2025-12-24 12:00:00
P00505,Tara Jones,tara.jones8@mail.test,FI,2025-06-23 13:00:00
P00506,Nina Patel,nina.patel60@mail.test,DE,2026-01-26 05:00:00
P00507,Nina Novak,nina.novak587@mail.test,IN,2025-08-08 12:00:00
P00508,Nina Fernando,nina.fernando594@mail.test,BR,2025-11-06 16:00:00
P00509,Emma Wong,emma.wong881@mail.test,NZ,2026-01-09 19:00:00
P00510,Chloe Wong,chloe.wong321@mail.test,SE,2025-07-09 13:00:00
P00511,Noah Garcia,noah.garcia12@mail.test,DE,2026-02-26 19:00:00
P00512,Noah Khan,noah.khan814@mail.test,NZ,2025-03-04 16:00:00
P00513,Zara Wong,zara.wong418@mail.test,DE,2026-01-24 07:00:00
P00514,Amara Smith,amara.smith956@mail.test,SE,2025-11-23 01:00:00
P00515,Sofia Perera,sofia.perera776@mail.test,DE,2025-04-17 20:00:00
P00516,Hugo Ali,hugo.ali517@mail.test,DE,2026-01-31 22:00:00
P00517,Sofia Fernando,sofia.fernando12@mail.test,CA,2025-11-18 09:00:00
P00518,Hugo Khan,hugo.khan796@mail.test,SE,2025-12-24 08:00:00
P00519,Liam Wong,liam.wong591@mail.test,GB,2025-03-11 19:00:00
P00520,Ravi Lopez,ravi.lopez320@mail.test,FI,2025-12-20 20:00:00
P00521,Emma Reid,emma.reid183@mail.test,CA,2025-12-08 07:00:00
P00522,Nina Nair,nina.nair128@mail.test,CA,2025-09-25 09:00:00
P00523,Ravi Novak,ravi.novak818@mail.test,DE,2025-03-26 20:00:00
P00524,Lucas Brown,lucas.brown715@mail.test,BR,2025-07-15 08:00:00
P00525,Yusuf Costa,yusuf.costa278@mail.test,SE,2025-04-16 08:00:00
P00526,Yusuf Silva,yusuf.silva67@mail.test,SE,2026-02-21 10:00:00
P00527,Maya Reid,maya.reid548@mail.test,NZ,2025-12-25 23:00:00
P00528,Yusuf Patel,yusuf.patel790@mail.test,NZ,2026-01-27 09:00:00
P00529,Ethan Taylor,ethan.taylor548@mail.test,FI,2025-05-08 06:00:00
P00530,Chloe Costa,chloe.costa654@mail.test,DE,2025-08-19 02:00:00
P00531,Tara Ali,tara.ali98@mail.test,BR,2026-01-08 17:00:00
P00532,Emma Kim,emma.kim245@mail.test,CA,2025-05-06 06:00:00
P00533,Maya Ahmed,maya.ahmed773@mail.test,SE,2025-06-07 03:00:00
P00534,Liam Lopez,liam.lopez80@mail.test,FI,2025-08-09 01:00:00
P00535,Zara Lopez,zara.lopez888@mail.test,IN,2025-06-05 12:00:00
P00536,Nina Fernando,nina.fernando279@mail.test,NZ,2025-05-31 21:00:00
P00537,Hugo Brown,hugo.brown92@mail.test,BR,2025-06-23 12:00:00
P00538,Noah Ahmed,noah.ahmed393@mail.test,CA,2025-11-21 20:00:00
P00539,Chloe Khan,chloe.khan570@mail.test,DE,2025-06-09 04:00:00
P00540,Liam Ahmed,liam.ahmed267@mail.test,FI,2025-11-26 19:00:00
P00541,Yusuf Patel,yusuf.patel378@mail.test,IN,2025-04-22 00:00:00
P00542,Maya Ahmed,maya.ahmed254@mail.test,IN,2025-05-20 18:00:00
P00543,Tara Khan,tara.khan705@mail.test,SE,2025-12-30 07:00:00
P00544,Aiden Lopez,aiden.lopez184@mail.test,BR,2025-07-29 19:00:00
P00545,Layla Brown,layla.brown923@mail.test,SE,2025-07-22 19:00:00
P00546,Omar Ahmed,omar.ahmed749@mail.test,DE,2025-05-30 21:00:00
P00547,Chloe Lopez,chloe.lopez642@mail.test,SE,2025-03-07 08:00:00
P00548,Noah Brown,noah.brown885@mail.test,IN,2025-03-31 13:00:00
P00549,Yusuf Smith,yusuf.smith782@mail.test,BR,2026-02-22 15:00:00
P00550,Chloe Kim,chloe.kim617@mail.test,DE,2025-07-30 17:00:00
P00551,Noah Fernando,noah.fernando270@mail.test,DE,2026-01-31 16:00:00
P00552,Omar Khan,omar.khan244@mail.test,DE,2025-08-06 14:00:00
P00553,Layla Perera,layla.perera446@mail.test,NZ,2025-04-13 15:00:00
P00554,Sofia Khan,sofia.khan731@mail.test,GB,2025-10-20 07:00:00
P00555,Aiden Fernando,aiden.fernando963@mail.test,GB,2025-10-04 15:00:00
P00556,Lucas Perera,lucas.perera868@mail.test,GB,2025-05-11 01:00:00
P00557,Ethan Smith,ethan.smith610@mail.test,GB,2025-04-05 07:00:00
P00558,Zara Brown,zara.brown222@mail.test,DE,2025-08-02 13:00:00
P00559,Nina Lopez,nina.lopez780@mail.test,FI,2026-02-14 11:00:00
P00560,Ethan Taylor,ethan.taylor205@mail.test,IN,2025-06-02 01:00:00
P00561,Ravi Ali,ravi.ali918@mail.test,IN,2025-10-03 11:00:00
P00562,Hugo Silva,hugo.silva849@mail.test,IN,2025-04-16 08:00:00
P00563,Chloe Taylor,chloe.taylor48@mail.test,CA,2025-03-12 06:00:00
P00564,Layla Patel,layla.patel258@mail.test,DE,2026-02-26 15:00:00
P00565,Tara Brown,tara.brown196@mail.test,GB,2026-01-24 21:00:00
P00566,Amara Nair,amara.nair640@mail.test,GB,2025-03-15 09:00:00
P00567,Ethan Wong,ethan.wong646@mail.test,IN,2025-07-06 03:00:00
P00568,Hugo Nair,hugo.nair302@mail.test,SE,2026-01-16 01:00:00
P00569,Lucas Jones,lucas.jones656@mail.test,GB,2025-12-20 18:00:00
P00570,Yusuf Silva,yusuf.silva160@mail.test,FI,2025-10-02 22:00:00
P00571,Zara Reid,zara.reid273@mail.test,SE,2025-07-07 14:00:00
P00572,Ethan Costa,ethan.costa331@mail.test,FI,2026-01-27 20:00:00
P00573,Sofia Garcia,sofia.garcia193@mail.test,CA,2025-10-01 02:00:00
P00574,Liam Patel,liam.patel688@mail.test,SE,2025-08-27 12:00:00
P00575,Omar Brown,omar.brown900@mail.test,BR,2025-03-20 05:00:00
P00576,Aiden Nair,aiden.nair720@mail.test,BR,2026-02-21 09:00:00
P00577,Dev Jones,dev.jones57@mail.test,GB,2025-06-02 03:00:00
P00578,Layla Smith,layla.smith303@mail.test,BR,2025-05-26 01:00:00
P00579,Tara Perera,tara.perera64@mail.test,CA,2026-01-21 22:00:00
P00580,Yusuf Smith,yusuf.smith734@mail.test,GB,2025-05-06 19:00:00
P00581,Ivy Nair,ivy.nair184@mail.test,CA,2025-05-19 07:00:00
P00582,Emma Lopez,emma.lopez354@mail.test,FI,2025-03-02 07:00:00
P00583,Sofia Kim,sofia.kim332@mail.test,GB,2026-02-10 19:00:00
P00584,Maya Ali,maya.ali915@mail.test,IN,2026-03-04 16:00:00
P00585,Tara Khan,tara.khan963@mail.test,NZ,2025-11-28 13:00:00
P00586,Lucas Perera,lucas.perera600@mail.test,GB,2026-02-03 02:00:00
P00587,Maya Perera,maya.perera189@mail.test,BR,2025-06-29 11:00:00
P00588,Yusuf Nair,yusuf.nair985@mail.test,SE,2026-03-02 14:00:00
P00589,Lucas Jones,lucas.jones983@mail.test,IN,2025-07-06 08:00:00
P00590,Aiden Khan,aiden.khan866@mail.test,SE,2025-07-04 16:00:00
P00591,Aiden Smith,aiden.smith507@mail.test,BR,2025-11-07 09:00:00
P00592,Zara Costa,zara.costa491@mail.test,FI,2025-03-24 12:00:00
P00593,Maya Reid,maya.reid81@mail.test,NZ,2026-01-21 01:00:00
P00594,Ivy Khan,ivy.khan144@mail.test,BR,2025-12-05 07:00:00
P00595,Sofia Patel,sofia.patel27@mail.test,DE,2025-12-06 13:00:00
P00596,Nina Brown,nina.brown647@mail.test,FI,2025-08-23 23:00:00
P00597,Emma Jones,emma.jones94@mail.test,BR,2025-10-28 12:00:00
P00598,Hugo Fernando,hugo.fernando760@mail.test,CA,2026-01-30 03:00:00
P00599,Hugo Wong,hugo.wong649@mail.test,BR,2025-03-29 15:00:00
P00600,Omar Perera,omar.perera4@mail.test,DE,2025-05-19 16:00:00
P00601,Liam Reid,liam.reid96@mail.test,SE,2026-03-07 10:00:00
P00602,Lucas Reid,lucas.reid790@mail.test,NZ,2025-11-11 08:00:00
P00603,Liam Mendis,liam.mendis747@mail.test,CA,2025-08-09 08:00:00
P00604,Aiden Costa,aiden.costa281@mail.test,GB,2025-11-11 05:00:00
P00605,Zara Fernando,zara.fernando811@mail.test,GB,2025-11-21 16:00:00
P00606,Nina Silva,nina.silva139@mail.test,FI,2025-06-01 13:00:00
P00607,Nina Kim,nina.kim195@mail.test,CA,2025-05-14 23:00:00
P00608,Chloe Silva,chloe.silva439@mail.test,DE,2025-07-16 16:00:00
P00609,Ravi Ahmed,ravi.ahmed100@mail.test,BR,2026-02-15 06:00:00
P00610,Liam Novak,liam.novak953@mail.test,DE,2026-01-25 00:00:00
P00611,Layla Wong,layla.wong322@mail.test,SE,2025-12-08 11:00:00
P00612,Emma Wong,emma.wong918@mail.test,FI,2025-04-08 21:00:00
P00613,Liam Mendis,liam.mendis556@mail.test,CA,2025-12-02 06:00:00
P00614,Dev Patel,dev.patel878@mail.test,CA,2025-11-14 13:00:00
P00615,Tara Fernando,tara.fernando552@mail.test,IN,2025-09-24 05:00:00
P00616,Chloe Garcia,chloe.garcia38@mail.test,CA,2025-12-14 21:00:00
P00617,Liam Costa,liam.costa309@mail.test,CA,2025-05-15 04:00:00
P00618,Aiden Smith,aiden.smith80@mail.test,DE,2025-08-18 09:00:00
P00619,Maya Smith,maya.smith477@mail.test,FI,2025-06-27 14:00:00
P00620,Noah Kim,noah.kim189@mail.test,NZ,2025-11-16 03:00:00
P00621,Tara Lopez,tara.lopez140@mail.test,NZ,2025-05-31 16:00:00
P00622,Emma Silva,emma.silva641@mail.test,SE,2025-03-14 15:00:00
P00623,Lucas Jones,lucas.jones819@mail.test,DE,2025-06-22 03:00:00
P00624,Ravi Khan,ravi.khan324@mail.test,NZ,2025-09-20 19:00:00
P00625,Nina Kim,nina.kim34@mail.test,GB,2026-02-19 06:00:00
P00626,Maya Silva,maya.silva191@mail.test,FI,2025-12-12 04:00:00
P00627,Yusuf Khan,yusuf.khan421@mail.test,GB,2025-07-20 01:00:00
P00628,Omar Kim,omar.kim353@mail.test,BR,2026-02-24 06:00:00
P00629,Emma Fernando,emma.fernando491@mail.test,DE,2025-06-18 10:00:00
P00630,Tara Ahmed,tara.ahmed755@mail.test,NZ,2025-09-18 00:00:00
P00631,Chloe Khan,chloe.khan27@mail.test,DE,2025-09-15 17:00:00
P00632,Ethan Novak,ethan.novak256@mail.test,FI,2025-03-20 22:00:00
P00633,Lucas Lopez,lucas.lopez48@mail.test,NZ,2025-02-26 04:00:00
P00634,Aiden Kim,aiden.kim599@mail.test,CA,2026-03-07 09:00:00
P00635,Hugo Costa,hugo.costa936@mail.test,BR,2026-03-03 05:00:00
P00636,Yusuf Novak,yusuf.novak292@mail.test,IN,2025-08-27 13:00:00
P00637,Lucas Mendis,lucas.mendis102@mail.test,GB,2026-03-06 09:00:00
P00638,Ethan Lopez,ethan.lopez13@mail.test,NZ,2026-02-26 13:00:00
P00639,Lucas Khan,lucas.khan800@mail.test,BR,2025-10-10 14:00:00
P00640,Dev Taylor,dev.taylor406@mail.test,GB,2025-08-02 09:00:00
P00641,Ravi Jones,ravi.jones223@mail.test,GB,2025-04-28 18:00:00
P00642,Zara Garcia,zara.garcia27@mail.test,GB,2025-03-20 23:00:00
P00643,Layla Silva,layla.silva351@mail.test,CA,2025-12-25 21:00:00
P00644,Ivy Costa,ivy.costa292@mail.test,NZ,2025-09-04 03:00:00
P00645,Ethan Wong,ethan.wong821@mail.test,CA,2025-09-05 09:00:00
P00646,Liam Garcia,liam.garcia502@mail.test,IN,2026-01-28 09:00:00
P00647,Amara Khan,amara.khan589@mail.test,NZ,2025-07-07 15:00:00
P00648,Layla Mendis,layla.mendis33@mail.test,BR,2025-05-27 15:00:00
P00649,Aiden Smith,aiden.smith329@mail.test,DE,2026-02-14 18:00:00
P00650,Layla Jones,layla.jones560@mail.test,NZ,2025-09-15 14:00:00
P00651,Nina Silva,nina.silva666@mail.test,FI,2025-09-22 03:00:00
P00652,Ethan Nair,ethan.nair584@mail.test,FI,2025-10-03 08:00:00
P00653,Ethan Garcia,ethan.garcia330@mail.test,BR,2025-08-06 06:00:00
P00654,Yusuf Ahmed,yusuf.ahmed135@mail.test,CA,2025-06-28 15:00:00
P00655,Ivy Fernando,ivy.fernando37@mail.test,FI,2025-10-07 00:00:00
P00656,Sofia Ahmed,sofia.ahmed507@mail.test,SE,2025-04-24 00:00:00
P00657,Aiden Garcia,aiden.garcia914@mail.test,BR,2026-01-26 05:00:00
P00658,Tara Smith,tara.smith287@mail.test,DE,2025-10-01 14:00:00
P00659,Hugo Garcia,hugo.garcia556@mail.test,BR,2025-04-20 23:00:00
P00660,Nina Reid,nina.reid548@mail.test,NZ,2026-01-11 02:00:00
P00661,Omar Khan,omar.khan268@mail.test,NZ,2025-03-21 01:00:00
P00662,Nina Brown,nina.brown973@mail.test,SE,2026-02-04 19:00:00
P00663,Lucas Mendis,lucas.mendis926@mail.test,FI,2026-03-20 11:00:00
P00664,Liam Perera,liam.perera691@mail.test,IN,2026-03-03 11:00:00
P00665,Maya Fernando,maya.fernando833@mail.test,IN,2025-07-17 16:00:00
P00666,Hugo Smith,hugo.smith877@mail.test,FI,2025-09-04 23:00:00
P00667,Ravi Ahmed,ravi.ahmed252@mail.test,NZ,2025-05-11 19:00:00
P00668,Liam Ali,liam.ali658@mail.test,NZ,2025-09-12 10:00:00
P00669,Ravi Fernando,ravi.fernando55@mail.test,IN,2026-02-07 01:00:00
P00670,Noah Novak,noah.novak619@mail.test,GB,2025-12-03 05:00:00
P00671,Maya Perera,maya.perera849@mail.test,CA,2025-05-23 10:00:00
P00672,Ethan Nair,ethan.nair658@mail.test,GB,2025-04-22 23:00:00
P00673,Sofia Ahmed,sofia.ahmed528@mail.test,SE,2025-10-22 16:00:00
P00674,Ivy Garcia,ivy.garcia923@mail.test,IN,2026-02-26 17:00:00
P00675,Emma Silva,emma.silva557@mail.test,NZ,2025-05-09 10:00:00
P00676,Noah Wong,noah.wong76@mail.test,DE,2025-03-04 21:00:00
P00677,Ethan Novak,ethan.novak322@mail.test,IN,2025-08-20 23:00:00
P00678,Emma Lopez,emma.lopez264@mail.test,FI,2026-03-30 04:00:00
P00679,Aiden Mendis,aiden.mendis364@mail.test,GB,2026-01-16 02:00:00
P00680,Ethan Smith,ethan.smith678@mail.test,SE,2025-04-15 07:00:00
P00681,Ethan Taylor,ethan.taylor820@mail.test,GB,2025-06-03 12:00:00
P00682,Emma Patel,emma.patel1@mail.test,GB,2025-06-29 15:00:00
P00683,Tara Patel,tara.patel781@mail.test,CA,2026-03-17 07:00:00
P00684,Hugo Smith,hugo.smith21@mail.test,GB,2025-03-22 09:00:00
P00685,Chloe Kim,chloe.kim788@mail.test,CA,2025-05-20 12:00:00
P00686,Zara Wong,zara.wong750@mail.test,GB,2026-03-29 18:00:00
P00687,Yusuf Ahmed,yusuf.ahmed301@mail.test,IN,2025-05-19 03:00:00
P00688,Tara Costa,tara.costa439@mail.test,BR,2025-11-29 14:00:00
P00689,Emma Kim,emma.kim409@mail.test,IN,2025-10-05 14:00:00
P00690,Omar Costa,omar.costa826@mail.test,IN,2025-08-24 09:00:00
P00691,Hugo Nair,hugo.nair564@mail.test,CA,2025-04-03 08:00:00
P00692,Lucas Perera,lucas.perera837@mail.test,NZ,2025-10-06 16:00:00
P00693,Nina Silva,nina.silva749@mail.test,DE,2025-08-20 02:00:00
P00694,Lucas Ali,lucas.ali209@mail.test,BR,2025-07-05 14:00:00
P00695,Emma Reid,emma.reid3@mail.test,NZ,2025-09-14 14:00:00
P00696,Yusuf Ahmed,yusuf.ahmed129@mail.test,BR,2025-04-25 01:00:00
P00697,Lucas Wong,lucas.wong757@mail.test,CA,2025-05-10 11:00:00
P00698,Ivy Taylor,ivy.taylor414@mail.test,NZ,2025-08-28 19:00:00
P00699,Aiden Patel,aiden.patel644@mail.test,NZ,2025-08-16 18:00:00
P00700,Emma Wong,emma.wong496@mail.test,IN,2025-06-18 01:00:00
P00701,Nina Kim,nina.kim278@mail.test,BR,2025-05-13 05:00:00
P00702,Lucas Khan,lucas.khan986@mail.test,DE,2025-03-15 04:00:00
P00703,Hugo Mendis,hugo.mendis754@mail.test,NZ,2025-03-09 21:00:00
P00704,Sofia Perera,sofia.perera543@mail.test,FI,2025-08-01 16:00:00
P00705,Ravi Patel,ravi.patel867@mail.test,FI,2025-05-31 01:00:00
P00706,Layla Ali,layla.ali505@mail.test,NZ,2026-02-17 04:00:00
P00707,Liam Taylor,liam.taylor154@mail.test,IN,2025-10-11 08:00:00
P00708,Chloe Kim,chloe.kim49@mail.test,NZ,2025-05-02 22:00:00
P00709,Chloe Smith,chloe.smith165@mail.test,SE,2026-03-25 01:00:00
P00710,Amara Patel,amara.patel228@mail.test,SE,2025-06-23 14:00:00
P00711,Sofia Brown,sofia.brown303@mail.test,CA,2025-08-08 14:00:00
P00712,Ravi Fernando,ravi.fernando885@mail.test,IN,2025-04-12 11:00:00
P00713,Ethan Garcia,ethan.garcia471@mail.test,IN,2026-01-01 06:00:00
P00714,Tara Silva,tara.silva115@mail.test,DE,2025-09-22 22:00:00
P00715,Ivy Patel,ivy.patel553@mail.test,CA,2025-04-26 22:00:00
P00716,Ravi Nair,ravi.nair292@mail.test,GB,2025-11-14 07:00:00
P00717,Chloe Fernando,chloe.fernando924@mail.test,BR,2025-05-18 21:00:00
P00718,Ravi Fernando,ravi.fernando710@mail.test,BR,2025-10-22 20:00:00
P00719,Hugo Mendis,hugo.mendis185@mail.test,CA,2025-09-11 03:00:00
P00720,Dev Ali,dev.ali860@mail.test,GB,2025-03-08 15:00:00
P00721,Dev Brown,dev.brown307@mail.test,DE,2025-09-21 03:00:00
P00722,Liam Brown,liam.brown307@mail.test,NZ,2025-06-01 23:00:00
P00723,Ethan Jones,ethan.jones387@mail.test,DE,2025-10-05 13:00:00
P00724,Zara Wong,zara.wong744@mail.test,DE,2025-05-08 20:00:00
P00725,Amara Patel,amara.patel791@mail.test,SE,2026-03-02 02:00:00
P00726,Lucas Ahmed,lucas.ahmed914@mail.test,NZ,2025-10-23 04:00:00
P00727,Layla Khan,layla.khan484@mail.test,SE,2025-05-17 23:00:00
P00728,Zara Novak,zara.novak803@mail.test,GB,2025-05-25 18:00:00
P00729,Dev Kim,dev.kim87@mail.test,CA,2025-11-21 11:00:00
P00730,Tara Jones,tara.jones868@mail.test,SE,2026-03-14 22:00:00
P00731,Tara Brown,tara.brown438@mail.test,SE,2025-04-13 14:00:00
P00732,Liam Smith,liam.smith501@mail.test,NZ,2025-12-07 12:00:00
P00733,Hugo Ali,hugo.ali4@mail.test,BR,2026-01-03 21:00:00
P00734,Noah Patel,noah.patel199@mail.test,CA,2026-02-02 11:00:00
P00735,Nina Ahmed,nina.ahmed327@mail.test,BR,2025-12-31 17:00:00
P00736,Ivy Taylor,ivy.taylor602@mail.test,BR,2025-07-29 00:00:00
P00737,Layla Ahmed,layla.ahmed160@mail.test,FI,2025-06-27 21:00:00
P00738,Tara Fernando,tara.fernando621@mail.test,DE,2025-11-24 13:00:00
P00739,Chloe Khan,chloe.khan834@mail.test,IN,2025-12-12 10:00:00
P00740,Emma Ali,emma.ali884@mail.test,DE,2025-07-08 16:00:00
P00741,Yusuf Khan,yusuf.khan190@mail.test,DE,2025-07-07 19:00:00
P00742,Tara Fernando,tara.fernando598@mail.test,FI,2026-02-18 12:00:00
P00743,Emma Lopez,emma.lopez62@mail.test,BR,2025-10-17 22:00:00
P00744,Noah Nair,noah.nair803@mail.test,BR,2025-05-07 03:00:00
P00745,Zara Wong,zara.wong31@mail.test,GB,2025-08-31 06:00:00
P00746,Sofia Novak,sofia.novak52@mail.test,SE,2025-05-11 07:00:00
P00747,Layla Brown,layla.brown389@mail.test,CA,2025-06-03 13:00:00
P00748,Ivy Ali,ivy.ali297@mail.test,NZ,2025-03-22 20:00:00
P00749,Ethan Fernando,ethan.fernando203@mail.test,FI,2026-01-08 19:00:00
P00750,Maya Fernando,maya.fernando159@mail.test,NZ,2025-11-26 17:00:00
P00751,Ivy Fernando,ivy.fernando58@mail.test,DE,2025-10-17 08:00:00
P00752,Hugo Kim,hugo.kim889@mail.test,DE,2026-01-07 19:00:00
P00753,Noah Nair,noah.nair419@mail.test,CA,2025-07-03 18:00:00
P00754,Liam Reid,liam.reid380@mail.test,GB,2026-01-06 16:00:00
P00755,Layla Costa,layla.costa610@mail.test,SE,2025-08-15 18:00:00
P00756,Ethan Taylor,ethan.taylor790@mail.test,FI,2025-12-03 01:00:00
P00757,Ethan Taylor,ethan.taylor571@mail.test,CA,2025-04-15 17:00:00
P00758,Maya Perera,maya.perera737@mail.test,GB,2025-12-12 18:00:00
P00759,Omar Wong,omar.wong487@mail.test,GB,2026-01-23 23:00:00
P00760,Maya Jones,maya.jones348@mail.test,CA,2025-12-04 12:00:00
P00761,Yusuf Ahmed,yusuf.ahmed381@mail.test,SE,2025-03-18 05:00:00
P00762,Yusuf Patel,yusuf.patel93@mail.test,FI,2026-03-16 11:00:00
P00763,Amara Reid,amara.reid423@mail.test,CA,2025-08-27 11:00:00
P00764,Aiden Kim,aiden.kim25@mail.test,GB,2025-12-03 04:00:00
P00765,Ivy Perera,ivy.perera244@mail.test,IN,2025-10-12 11:00:00
P00766,Nina Fernando,nina.fernando61@mail.test,GB,2025-08-15 23:00:00
P00767,Ethan Brown,ethan.brown669@mail.test,FI,2025-10-23 07:00:00
P00768,Lucas Wong,lucas.wong866@mail.test,DE,2025-10-08 18:00:00
P00769,Tara Jones,tara.jones753@mail.test,NZ,2025-06-03 21:00:00
P00770,Dev Ahmed,dev.ahmed729@mail.test,IN,2025-04-26 19:00:00
P00771,Hugo Jones,hugo.jones475@mail.test,DE,2025-05-17 14:00:00
P00772,Ravi Garcia,ravi.garcia850@mail.test,DE,2025-07-21 03:00:00
P00773,Dev Ali,dev.ali798@mail.test,FI,2025-10-11 10:00:00
P00774,Noah Jones,noah.jones709@mail.test,GB,2025-03-14 05:00:00
P00775,Hugo Brown,hugo.brown906@mail.test,IN,2025-06-03 02:00:00
P00776,Emma Taylor,emma.taylor167@mail.test,SE,2025-08-16 07:00:00
P00777,Zara Kim,zara.kim724@mail.test,NZ,2025-03-07 10:00:00
P00778,Omar Patel,omar.patel211@mail.test,IN,2025-05-19 14:00:00
P00779,Ivy Costa,ivy.costa510@mail.test,GB,2026-01-15 01:00:00
P00780,Lucas Brown,lucas.brown250@mail.test,FI,2026-02-24 05:00:00
P00781,Ethan Jones,ethan.jones200@mail.test,FI,2025-04-17 12:00:00
P00782,Ravi Ali,ravi.ali450@mail.test,DE,2026-02-27 11:00:00
P00783,Chloe Ahmed,chloe.ahmed344@mail.test,IN,2025-06-06 06:00:00
P00784,Zara Smith,zara.smith926@mail.test,DE,2025-12-17 13:00:00
P00785,Tara Kim,tara.kim327@mail.test,IN,2026-01-25 07:00:00
P00786,Noah Costa,noah.costa59@mail.test,IN,2025-10-03 15:00:00
P00787,Ravi Brown,ravi.brown337@mail.test,DE,2025-05-21 16:00:00
P00788,Yusuf Garcia,yusuf.garcia938@mail.test,CA,2025-07-10 14:00:00
P00789,Nina Garcia,nina.garcia817@mail.test,IN,2025-03-13 19:00:00
P00790,Chloe Kim,chloe.kim704@mail.test,BR,2025-05-19 17:00:00
P00791,Amara Khan,amara.khan960@mail.test,SE,2026-03-01 14:00:00
P00792,Dev Nair,dev.nair932@mail.test,IN,2026-02-26 23:00:00
P00793,Ravi Garcia,ravi.garcia927@mail.test,DE,2025-12-31 17:00:00
P00794,Liam Taylor,liam.taylor349@mail.test,BR,2025-03-14 01:00:00
P00795,Noah Garcia,noah.garcia325@mail.test,GB,2025-06-26 00:00:00
P00796,Sofia Khan,sofia.khan562@mail.test,GB,2025-03-03 15:00:00
P00797,Yusuf Kim,yusuf.kim777@mail.test,SE,2025-07-15 02:00:00
P00798,Zara Khan,zara.khan16@mail.test,CA,2026-03-03 00:00:00
P00799,Ethan Fernando,ethan.fernando178@mail.test,CA,2026-01-08 03:00:00
P00800,Sofia Kim,sofia.kim665@mail.test,FI,2026-03-23 02:00:00
P00801,Hugo Nair,hugo.nair797@mail.test,NZ,2025-07-24 05:00:00
P00802,Liam Mendis,liam.mendis563@mail.test,DE,2025-08-18 16:00:00
P00803,Omar Lopez,omar.lopez390@mail.test,NZ,2026-03-08 10:00:00
P00804,Zara Khan,zara.khan685@mail.test,FI,2025-10-12 03:00:00
P00805,Amara Novak,amara.novak627@mail.test,GB,2025-05-01 06:00:00
P00806,Aiden Fernando,aiden.fernando722@mail.test,CA,2025-08-30 02:00:00
P00807,Zara Khan,zara.khan328@mail.test,FI,2025-08-26 13:00:00
P00808,Yusuf Patel,yusuf.patel475@mail.test,IN,2025-03-24 06:00:00
P00809,Omar Jones,omar.jones470@mail.test,CA,2025-07-28 13:00:00
P00810,Omar Wong,omar.wong685@mail.test,NZ,2025-12-06 03:00:00
P00811,Amara Novak,amara.novak283@mail.test,CA,2026-03-17 12:00:00
P00812,Yusuf Fernando,yusuf.fernando652@mail.test,GB,2026-01-09 17:00:00
P00813,Tara Mendis,tara.mendis508@mail.test,CA,2025-08-01 02:00:00
P00814,Lucas Fernando,lucas.fernando236@mail.test,GB,2025-06-13 06:00:00
P00815,Omar Fernando,omar.fernando278@mail.test,NZ,2025-12-09 01:00:00
P00816,Layla Novak,layla.novak603@mail.test,CA,2025-11-06 16:00:00
P00817,Dev Khan,dev.khan437@mail.test,SE,2026-01-03 18:00:00
P00818,Maya Smith,maya.smith470@mail.test,FI,2025-06-23 20:00:00
P00819,Nina Smith,nina.smith344@mail.test,DE,2026-03-21 18:00:00
P00820,Ethan Nair,ethan.nair563@mail.test,GB,2025-03-19 02:00:00
P00821,Yusuf Garcia,yusuf.garcia467@mail.test,DE,2025-12-19 07:00:00
P00822,Noah Silva,noah.silva112@mail.test,FI,2025-11-05 16:00:00
P00823,Tara Patel,tara.patel412@mail.test,DE,2026-02-13 03:00:00
P00824,Tara Khan,tara.khan20@mail.test,FI,2026-03-31 07:00:00
P00825,Lucas Fernando,lucas.fernando913@mail.test,IN,2025-10-15 17:00:00
P00826,Chloe Nair,chloe.nair973@mail.test,DE,2025-06-21 18:00:00
P00827,Tara Perera,tara.perera848@mail.test,FI,2026-03-17 03:00:00
P00828,Zara Fernando,zara.fernando143@mail.test,FI,2025-03-26 20:00:00
P00829,Ravi Wong,ravi.wong523@mail.test,FI,2025-07-10 23:00:00
P00830,Yusuf Wong,yusuf.wong311@mail.test,GB,2025-03-29 21:00:00
P00831,Liam Fernando,liam.fernando192@mail.test,IN,2025-10-24 17:00:00
P00832,Dev Ali,dev.ali704@mail.test,DE,2026-02-03 11:00:00
P00833,Layla Fernando,layla.fernando668@mail.test,GB,2025-09-01 05:00:00
P00834,Ivy Fernando,ivy.fernando546@mail.test,SE,2025-05-11 22:00:00
P00835,Ravi Smith,ravi.smith474@mail.test,FI,2025-05-08 07:00:00
P00836,Layla Jones,layla.jones396@mail.test,DE,2025-04-20 13:00:00
P00837,Ravi Taylor,ravi.taylor544@mail.test,IN,2025-11-30 19:00:00
P00838,Omar Kim,omar.kim218@mail.test,FI,2025-07-12 13:00:00
P00839,Ethan Nair,ethan.nair922@mail.test,GB,2025-04-20 08:00:00
P00840,Emma Brown,emma.brown536@mail.test,SE,2026-01-08 15:00:00
P00841,Liam Perera,liam.perera909@mail.test,SE,2025-05-05 04:00:00
P00842,Emma Brown,emma.brown510@mail.test,SE,2025-09-01 13:00:00
P00843,Chloe Perera,chloe.perera264@mail.test,IN,2026-03-18 05:00:00
P00844,Yusuf Novak,yusuf.novak497@mail.test,FI,2025-11-15 13:00:00
P00845,Maya Taylor,maya.taylor186@mail.test,FI,2026-02-22 17:00:00
P00846,Yusuf Costa,yusuf.costa178@mail.test,DE,2026-01-14 15:00:00
P00847,Noah Wong,noah.wong91@mail.test,FI,2025-04-14 15:00:00
P00848,Zara Khan,zara.khan425@mail.test,CA,2025-04-17 17:00:00
P00849,Hugo Ali,hugo.ali714@mail.test,GB,2025-03-15 06:00:00
P00850,Emma Brown,emma.brown988@mail.test,DE,2026-03-04 02:00:00
P00851,Liam Perera,liam.perera396@mail.test,CA,2025-03-20 08:00:00
P00852,Liam Khan,liam.khan694@mail.test,NZ,2025-11-27 01:00:00
P00853,Ethan Lopez,ethan.lopez91@mail.test,IN,2025-12-13 20:00:00
P00854,Sofia Silva,sofia.silva432@mail.test,GB,2025-09-15 07:00:00
P00855,Tara Jones,tara.jones145@mail.test,NZ,2026-02-03 06:00:00
P00856,Sofia Jones,sofia.jones77@mail.test,SE,2025-09-05 10:00:00
P00857,Maya Garcia,maya.garcia140@mail.test,SE,2026-01-11 19:00:00
P00858,Nina Ahmed,nina.ahmed88@mail.test,BR,2025-09-17 22:00:00
P00859,Emma Brown,emma.brown234@mail.test,GB,2025-10-07 02:00:00
P00860,Maya Novak,maya.novak220@mail.test,DE,2025-11-03 10:00:00
P00861,Tara Kim,tara.kim995@mail.test,NZ,2025-09-26 03:00:00
P00862,Omar Wong,omar.wong81@mail.test,FI,2025-03-07 02:00:00
P00863,Noah Brown,noah.brown15@mail.test,SE,2025-11-22 00:00:00
P00864,Chloe Wong,chloe.wong339@mail.test,DE,2026-02-23 16:00:00
P00865,Lucas Nair,lucas.nair357@mail.test,NZ,2026-01-20 07:00:00
P00866,Noah Lopez,noah.lopez538@mail.test,BR,2025-04-26 19:00:00
P00867,Chloe Ali,chloe.ali153@mail.test,IN,2026-01-17 03:00:00
P00868,Yusuf Nair,yusuf.nair264@mail.test,NZ,2026-01-26 11:00:00
P00869,Hugo Jones,hugo.jones43@mail.test,IN,2026-01-22 09:00:00
P00870,Ravi Patel,ravi.patel251@mail.test,FI,2025-08-18 12:00:00
P00871,Maya Lopez,maya.lopez720@mail.test,NZ,2025-10-03 22:00:00
P00872,Sofia Novak,sofia.novak315@mail.test,IN,2026-01-03 23:00:00
P00873,Amara Nair,amara.nair945@mail.test,IN,2025-04-06 11:00:00
P00874,Nina Patel,nina.patel480@mail.test,SE,2025-07-15 09:00:00
P00875,Ravi Silva,ravi.silva355@mail.test,FI,2025-04-04 18:00:00
P00876,Ravi Costa,ravi.costa124@mail.test,GB,2025-07-19 10:00:00
P00877,Ethan Costa,ethan.costa846@mail.test,BR,2025-10-27 07:00:00
P00878,Dev Mendis,dev.mendis442@mail.test,BR,2025-10-31 02:00:00
P00879,Liam Garcia,liam.garcia923@mail.test,FI,2025-06-05 09:00:00
P00880,Zara Garcia,zara.garcia242@mail.test,CA,2025-09-22 01:00:00
P00881,Layla Perera,layla.perera717@mail.test,IN,2025-12-16 16:00:00
P00882,Nina Silva,nina.silva547@mail.test,IN,2025-03-18 08:00:00
P00883,Dev Lopez,dev.lopez848@mail.test,DE,2026-01-13 07:00:00
P00884,Tara Khan,tara.khan395@mail.test,IN,2025-12-05 14:00:00
P00885,Tara Wong,tara.wong703@mail.test,FI,2025-05-16 23:00:00
P00886,Emma Brown,emma.brown119@mail.test,DE,2026-01-26 21:00:00
P00887,Zara Wong,zara.wong694@mail.test,FI,2025-05-22 07:00:00
P00888,Sofia Ali,sofia.ali393@mail.test,IN,2025-04-03 18:00:00
P00889,Omar Reid,omar.reid175@mail.test,GB,2025-07-17 04:00:00
P00890,Omar Novak,omar.novak648@mail.test,IN,2026-03-21 15:00:00
P00891,Sofia Taylor,sofia.taylor450@mail.test,DE,2025-08-14 02:00:00
P00892,Zara Nair,zara.nair728@mail.test,GB,2025-11-04 16:00:00
P00893,Ravi Mendis,ravi.mendis922@mail.test,CA,2025-11-28 22:00:00
P00894,Yusuf Silva,yusuf.silva74@mail.test,SE,2025-08-28 01:00:00
P00895,Liam Wong,liam.wong764@mail.test,BR,2026-01-19 22:00:00
P00896,Sofia Silva,sofia.silva219@mail.test,DE,2025-05-02 20:00:00
P00897,Emma Khan,emma.khan621@mail.test,CA,2025-11-23 10:00:00
P00898,Hugo Novak,hugo.novak295@mail.test,BR,2025-07-01 00:00:00
P00899,Emma Kim,emma.kim306@mail.test,CA,2025-07-12 21:00:00
P00900,Maya Reid,maya.reid711@mail.test,GB,2025-04-04 08:00:00
P00901,Hugo Kim,hugo.kim518@mail.test,CA,2025-06-15 04:00:00
P00902,Dev Mendis,dev.mendis770@mail.test,BR,2025-11-24 05:00:00
P00903,Amara Lopez,amara.lopez268@mail.test,FI,2025-09-13 16:00:00
P00904,Ivy Reid,ivy.reid318@mail.test,BR,2025-08-08 17:00:00
P00905,Tara Fernando,tara.fernando797@mail.test,BR,2025-09-21 09:00:00
P00906,Layla Novak,layla.novak995@mail.test,BR,2025-04-12 19:00:00
P00907,Ravi Costa,ravi.costa479@mail.test,BR,2026-01-30 01:00:00
P00908,Hugo Patel,hugo.patel730@mail.test,FI,2025-05-18 00:00:00
P00909,Omar Khan,omar.khan510@mail.test,DE,2025-07-24 02:00:00
P00910,Aiden Khan,aiden.khan503@mail.test,GB,2025-09-09 16:00:00
P00911,Lucas Silva,lucas.silva795@mail.test,SE,2025-04-25 12:00:00
P00912,Ravi Ali,ravi.ali34@mail.test,GB,2025-10-27 00:00:00
P00913,Chloe Novak,chloe.novak255@mail.test,GB,2025-10-31 00:00:00
P00914,Nina Ali,nina.ali435@mail.test,GB,2026-03-19 04:00:00
P00915,Noah Kim,noah.kim537@mail.test,CA,2025-10-18 23:00:00
P00916,Chloe Wong,chloe.wong580@mail.test,GB,2025-10-08 22:00:00
P00917,Hugo Smith,hugo.smith71@mail.test,SE,2026-03-29 19:00:00
P00918,Noah Garcia,noah.garcia523@mail.test,SE,2025-10-03 11:00:00
P00919,Ivy Lopez,ivy.lopez396@mail.test,DE,2025-12-11 01:00:00
P00920,Noah Wong,noah.wong20@mail.test,NZ,2025-07-20 01:00:00
P00921,Ravi Patel,ravi.patel459@mail.test,NZ,2025-10-21 19:00:00
P00922,Lucas Lopez,lucas.lopez994@mail.test,CA,2025-03-13 09:00:00
P00923,Amara Khan,amara.khan555@mail.test,CA,2025-12-05 10:00:00
P00924,Tara Taylor,tara.taylor653@mail.test,SE,2025-07-31 02:00:00
P00925,Lucas Ali,lucas.ali128@mail.test,NZ,2025-04-07 08:00:00
P00926,Chloe Kim,chloe.kim917@mail.test,NZ,2025-06-25 16:00:00
P00927,Liam Taylor,liam.taylor134@mail.test,DE,2025-05-15 07:00:00
P00928,Chloe Brown,chloe.brown81@mail.test,IN,2026-03-05 21:00:00
P00929,Emma Patel,emma.patel835@mail.test,NZ,2025-06-17 23:00:00
P00930,Ravi Taylor,ravi.taylor118@mail.test,GB,2025-12-11 23:00:00
P00931,Sofia Mendis,sofia.mendis103@mail.test,SE,2025-04-14 08:00:00
P00932,Dev Costa,dev.costa106@mail.test,GB,2026-01-09 03:00:00
P00933,Lucas Taylor,lucas.taylor750@mail.test,DE,2025-07-29 01:00:00
P00934,Maya Fernando,maya.fernando448@mail.test,SE,2026-01-16 08:00:00
P00935,Nina Brown,nina.brown356@mail.test,GB,2026-01-11 12:00:00
P00936,Liam Jones,liam.jones567@mail.test,GB,2025-08-15 12:00:00
P00937,Nina Lopez,nina.lopez72@mail.test,DE,2026-01-16 03:00:00
P00938,Nina Kim,nina.kim182@mail.test,CA,2025-03-07 12:00:00
P00939,Ethan Kim,ethan.kim153@mail.test,FI,2026-03-27 11:00:00
P00940,Ivy Wong,ivy.wong602@mail.test,NZ,2026-01-04 03:00:00
P00941,Emma Novak,emma.novak256@mail.test,SE,2026-01-21 22:00:00
P00942,Aiden Kim,aiden.kim731@mail.test,IN,2025-03-08 09:00:00
P00943,Maya Jones,maya.jones172@mail.test,IN,2025-05-28 09:00:00
P00944,Ivy Kim,ivy.kim536@mail.test,SE,2025-10-30 14:00:00
P00945,Amara Reid,amara.reid827@mail.test,DE,2025-07-14 06:00:00
P00946,Ravi Fernando,ravi.fernando717@mail.test,IN,2025-09-22 22:00:00
P00947,Ivy Lopez,ivy.lopez21@mail.test,NZ,2025-12-16 21:00:00
P00948,Dev Nair,dev.nair340@mail.test,CA,2026-01-13 04:00:00
P00949,Sofia Kim,sofia.kim530@mail.test,GB,2026-01-31 07:00:00
P00950,Maya Costa,maya.costa31@mail.test,BR,2025-04-29 08:00:00
P00951,Tara Taylor,tara.taylor279@mail.test,BR,2025-09-28 00:00:00
P00952,Ivy Novak,ivy.novak283@mail.test,BR,2025-03-15 10:00:00
P00953,Nina Wong,nina.wong511@mail.test,CA,2025-05-11 20:00:00
P00954,Dev Jones,dev.jones792@mail.test,GB,2025-10-14 23:00:00
P00955,Tara Kim,tara.kim478@mail.test,DE,2025-06-03 00:00:00
P00956,Ivy Perera,ivy.perera212@mail.test,NZ,2025-05-15 09:00:00
P00957,Omar Taylor,omar.taylor856@mail.test,NZ,2026-03-16 00:00:00
P00958,Lucas Reid,lucas.reid8@mail.test,NZ,2025-12-07 04:00:00
P00959,Yusuf Ali,yusuf.ali130@mail.test,GB,2025-11-10 06:00:00
P00960,Sofia Taylor,sofia.taylor908@mail.test,NZ,2025-04-09 20:00:00
P00961,Tara Taylor,tara.taylor604@mail.test,DE,2026-01-05 03:00:00
P00962,Maya Silva,maya.silva75@mail.test,FI,2026-02-26 12:00:00
P00963,Dev Novak,dev.novak403@mail.test,DE,2025-08-09 00:00:00
P00964,Emma Reid,emma.reid532@mail.test,CA,2025-10-05 08:00:00
P00965,Chloe Nair,chloe.nair713@mail.test,DE,2025-07-01 15:00:00
P00966,Layla Wong,layla.wong13@mail.test,DE,2025-02-27 15:00:00
P00967,Emma Silva,emma.silva344@mail.test,FI,2026-02-09 18:00:00
P00968,Yusuf Smith,yusuf.smith520@mail.test,NZ,2025-03-21 00:00:00
P00969,Zara Ali,zara.ali819@mail.test,CA,2025-05-17 11:00:00
P00970,Yusuf Novak,yusuf.novak933@mail.test,FI,2026-03-30 21:00:00
P00971,Ivy Ali,ivy.ali397@mail.test,BR,2025-05-21 00:00:00
P00972,Emma Smith,emma.smith618@mail.test,SE,2025-05-08 19:00:00
P00973,Noah Mendis,noah.mendis550@mail.test,CA,2026-03-09 15:00:00
P00974,Lucas Ahmed,lucas.ahmed839@mail.test,DE,2026-03-08 00:00:00
P00975,Liam Patel,liam.patel938@mail.test,CA,2025-03-30 21:00:00
P00976,Chloe Smith,chloe.smith839@mail.test,SE,2026-03-06 18:00:00
P00977,Aiden Reid,aiden.reid25@mail.test,FI,2026-03-03 12:00:00
P00978,Dev Mendis,dev.mendis128@mail.test,GB,2025-09-10 03:00:00
P00979,Emma Perera,emma.perera234@mail.test,BR,2026-02-11 08:00:00
P00980,Hugo Reid,hugo.reid765@mail.test,IN,2025-06-13 16:00:00
P00981,Ravi Novak,ravi.novak831@mail.test,BR,2025-12-04 10:00:00
P00982,Maya Garcia,maya.garcia655@mail.test,BR,2026-01-19 23:00:00
P00983,Ivy Brown,ivy.brown691@mail.test,FI,2026-03-11 23:00:00
P00984,Ethan Garcia,ethan.garcia486@mail.test,SE,2025-03-18 00:00:00
P00985,Noah Ali,noah.ali541@mail.test,NZ,2025-06-10 10:00:00
P00986,Tara Reid,tara.reid744@mail.test,BR,2025-03-11 18:00:00
P00987,Chloe Ali,chloe.ali588@mail.test,IN,2026-02-12 18:00:00
P00988,Omar Smith,omar.smith284@mail.test,NZ,2026-02-02 10:00:00
P00989,Ravi Perera,ravi.perera166@mail.test,NZ,2026-02-12 19:00:00
P00990,Sofia Novak,sofia.novak723@mail.test,SE,2025-08-08 10:00:00
P00991,Ivy Brown,ivy.brown27@mail.test,NZ,2026-01-14 10:00:00
P00992,Ethan Nair,ethan.nair225@mail.test,DE,2025-09-05 13:00:00
P00993,Dev Fernando,dev.fernando914@mail.test,BR,2025-09-24 05:00:00
P00994,Sofia Costa,sofia.costa719@mail.test,DE,2025-12-02 00:00:00
P00995,Noah Khan,noah.khan759@mail.test,CA,2025-08-12 01:00:00
P00996,Nina Smith,nina.smith359@mail.test,BR,2025-09-05 11:00:00
P00997,Sofia Novak,sofia.novak756@mail.test,CA,2025-10-08 05:00:00
P00998,Amara Garcia,amara.garcia797@mail.test,FI,2026-01-29 16:00:00
P00999,Aiden Jones,aiden.jones273@mail.test,FI,2025-06-08 00:00:00
P01000,Emma Jones,emma.jones918@mail.test,IN,2025-09-27 19:00:00
P01001,Ivy Ali,ivy.ali164@mail.test,IN,2025-11-02 17:00:00
P01002,Maya Wong,maya.wong742@mail.test,DE,2025-11-04 07:00:00
P01003,Zara Taylor,zara.taylor774@mail.test,NZ,2026-01-31 06:00:00
P01004,Aiden Nair,aiden.nair3@mail.test,SE,2025-08-31 21:00:00
P01005,Ethan Patel,ethan.patel180@mail.test,BR,2025-09-09 13:00:00
P01006,Noah Ahmed,noah.ahmed592@mail.test,CA,2025-07-30 11:00:00
P01007,Sofia Jones,sofia.jones138@mail.test,DE,2025-11-01 02:00:00
P01008,Aiden Reid,aiden.reid308@mail.test,FI,2025-12-27 13:00:00
P01009,Dev Khan,dev.khan372@mail.test,SE,2025-04-07 14:00:00
P01010,Emma Costa,emma.costa828@mail.test,IN,2025-08-14 00:00:00
P01011,Zara Lopez,zara.lopez302@mail.test,IN,2025-12-27 14:00:00
P01012,Ethan Silva,ethan.silva877@mail.test,SE,2026-03-15 13:00:00
P01013,Liam Taylor,liam.taylor458@mail.test,SE,2025-04-03 02:00:00
P01014,Chloe Nair,chloe.nair554@mail.test,SE,2025-10-30 23:00:00
P01015,Dev Jones,dev.jones972@mail.test,BR,2026-03-23 06:00:00
P01016,Nina Lopez,nina.lopez527@mail.test,DE,2025-07-15 19:00:00
P01017,Liam Garcia,liam.garcia583@mail.test,CA,2025-11-19 08:00:00
P01018,Dev Wong,dev.wong421@mail.test,SE,2026-03-15 09:00:00
P01019,Ethan Brown,ethan.brown968@mail.test,SE,2025-10-17 17:00:00
P01020,Sofia Jones,sofia.jones166@mail.test,CA,2026-01-22 17:00:00
P01021,Tara Mendis,tara.mendis236@mail.test,GB,2025-07-13 23:00:00
P01022,Zara Smith,zara.smith647@mail.test,GB,2025-04-05 20:00:00
P01023,Chloe Khan,chloe.khan654@mail.test,CA,2026-03-16 20:00:00
P01024,Noah Patel,noah.patel827@mail.test,IN,2025-08-31 19:00:00
P01025,Chloe Mendis,chloe.mendis635@mail.test,FI,2025-03-09 21:00:00
P01026,Noah Ahmed,noah.ahmed863@mail.test,BR,2025-05-21 10:00:00
P01027,Amara Silva,amara.silva112@mail.test,FI,2025-12-10 15:00:00
P01028,Ravi Reid,ravi.reid524@mail.test,FI,2026-01-20 12:00:00
P01029,Tara Wong,tara.wong107@mail.test,GB,2025-04-26 10:00:00
P01030,Layla Reid,layla.reid478@mail.test,GB,2025-12-13 00:00:00
P01031,Ivy Perera,ivy.perera770@mail.test,IN,2025-09-15 10:00:00
P01032,Chloe Ali,chloe.ali617@mail.test,FI,2026-03-25 08:00:00
P01033,Liam Kim,liam.kim397@mail.test,FI,2025-09-29 00:00:00
P01034,Sofia Ahmed,sofia.ahmed755@mail.test,GB,2025-10-19 17:00:00
P01035,Emma Ali,emma.ali515@mail.test,FI,2025-11-24 12:00:00
P01036,Liam Jones,liam.jones115@mail.test,DE,2025-04-16 22:00:00
P01037,Omar Mendis,omar.mendis298@mail.test,BR,2025-12-03 07:00:00
P01038,Noah Wong,noah.wong85@mail.test,BR,2025-06-01 23:00:00
P01039,Amara Taylor,amara.taylor849@mail.test,IN,2025-10-18 22:00:00
P01040,Emma Smith,emma.smith723@mail.test,NZ,2025-06-12 01:00:00
P01041,Noah Reid,noah.reid550@mail.test,SE,2025-07-04 16:00:00
P01042,Ethan Patel,ethan.patel653@mail.test,FI,2025-05-29 06:00:00
P01043,Ravi Khan,ravi.khan90@mail.test,GB,2025-09-21 00:00:00
P01044,Ivy Wong,ivy.wong142@mail.test,GB,2025-07-09 20:00:00
P01045,Aiden Silva,aiden.silva30@mail.test,IN,2025-11-06 20:00:00
P01046,Chloe Khan,chloe.khan355@mail.test,BR,2025-04-01 08:00:00
P01047,Tara Brown,tara.brown252@mail.test,DE,2025-12-13 09:00:00
P01048,Zara Brown,zara.brown71@mail.test,IN,2025-06-15 22:00:00
P01049,Aiden Kim,aiden.kim675@mail.test,CA,2025-07-02 11:00:00
P01050,Lucas Mendis,lucas.mendis769@mail.test,BR,2025-12-22 07:00:00
P01051,Aiden Ahmed,aiden.ahmed703@mail.test,SE,2025-06-16 19:00:00
P01052,Noah Smith,noah.smith274@mail.test,NZ,2025-03-02 23:00:00
P01053,Sofia Jones,sofia.jones660@mail.test,NZ,2025-05-11 04:00:00
P01054,Aiden Patel,aiden.patel553@mail.test,NZ,2025-06-03 10:00:00
P01055,Ethan Perera,ethan.perera875@mail.test,FI,2025-08-15 00:00:00
P01056,Layla Novak,layla.novak847@mail.test,FI,2026-01-27 09:00:00
P01057,Dev Taylor,dev.taylor79@mail.test,FI,2026-01-14 14:00:00
P01058,Maya Garcia,maya.garcia677@mail.test,SE,2025-09-18 04:00:00
P01059,Dev Wong,dev.wong980@mail.test,SE,2025-05-21 21:00:00
P01060,Amara Perera,amara.perera505@mail.test,IN,2025-07-07 02:00:00
P01061,Yusuf Silva,yusuf.silva882@mail.test,FI,2025-03-02 03:00:00
P01062,Chloe Reid,chloe.reid729@mail.test,GB,2025-12-29 17:00:00
P01063,Noah Khan,noah.khan977@mail.test,FI,2026-01-10 19:00:00
P01064,Sofia Taylor,sofia.taylor331@mail.test,GB,2025-10-09 10:00:00
P01065,Yusuf Lopez,yusuf.lopez922@mail.test,SE,2025-10-24 21:00:00
P01066,Nina Ahmed,nina.ahmed699@mail.test,SE,2025-03-03 17:00:00
P01067,Ivy Mendis,ivy.mendis218@mail.test,SE,2025-11-24 21:00:00
P01068,Tara Silva,tara.silva863@mail.test,IN,2026-02-17 05:00:00
P01069,Nina Wong,nina.wong467@mail.test,FI,2025-11-30 03:00:00
P01070,Zara Jones,zara.jones136@mail.test,IN,2025-11-24 02:00:00
P01071,Omar Patel,omar.patel512@mail.test,CA,2025-08-25 02:00:00
P01072,Hugo Ali,hugo.ali638@mail.test,NZ,2026-01-06 07:00:00
P01073,Liam Patel,liam.patel622@mail.test,CA,2026-03-01 00:00:00
P01074,Ethan Kim,ethan.kim195@mail.test,DE,2025-04-28 17:00:00
P01075,Zara Silva,zara.silva447@mail.test,BR,2025-12-16 17:00:00
P01076,Zara Wong,zara.wong648@mail.test,NZ,2025-11-22 01:00:00
P01077,Ethan Perera,ethan.perera689@mail.test,DE,2026-03-11 16:00:00
P01078,Noah Fernando,noah.fernando201@mail.test,GB,2026-01-21 23:00:00
P01079,Chloe Novak,chloe.novak39@mail.test,CA,2026-03-31 00:00:00
P01080,Tara Garcia,tara.garcia917@mail.test,DE,2025-12-14 03:00:00
P01081,Ethan Costa,ethan.costa463@mail.test,DE,2026-01-06 12:00:00
P01082,Dev Kim,dev.kim126@mail.test,SE,2025-04-30 02:00:00
P01083,Omar Ali,omar.ali869@mail.test,IN,2026-02-11 07:00:00
P01084,Liam Reid,liam.reid574@mail.test,IN,2025-04-14 05:00:00
P01085,Nina Costa,nina.costa915@mail.test,IN,2026-01-28 13:00:00
P01086,Maya Novak,maya.novak579@mail.test,GB,2026-01-12 07:00:00
P01087,Dev Taylor,dev.taylor340@mail.test,IN,2025-10-21 06:00:00
P01088,Zara Garcia,zara.garcia158@mail.test,IN,2025-04-17 09:00:00
P01089,Aiden Mendis,aiden.mendis281@mail.test,GB,2025-11-30 23:00:00
P01090,Liam Smith,liam.smith112@mail.test,IN,2025-07-12 08:00:00
P01091,Maya Ali,maya.ali873@mail.test,SE,2026-02-08 09:00:00
P01092,Aiden Lopez,aiden.lopez759@mail.test,CA,2025-03-21 21:00:00
P01093,Tara Lopez,tara.lopez348@mail.test,GB,2025-06-11 13:00:00
P01094,Chloe Novak,chloe.novak855@mail.test,FI,2025-12-08 13:00:00
P01095,Chloe Wong,chloe.wong245@mail.test,IN,2025-06-14 00:00:00
P01096,Ivy Novak,ivy.novak400@mail.test,IN,2025-06-15 14:00:00
P01097,Omar Silva,omar.silva478@mail.test,DE,2025-07-08 20:00:00
P01098,Amara Kim,amara.kim976@mail.test,NZ,2025-09-04 18:00:00
P01099,Ethan Mendis,ethan.mendis373@mail.test,CA,2025-10-06 12:00:00
P01100,Zara Costa,zara.costa87@mail.test,BR,2026-02-07 16:00:00
P01101,Sofia Perera,sofia.perera346@mail.test,IN,2025-10-12 21:00:00
P01102,Noah Nair,noah.nair611@mail.test,IN,2025-05-19 22:00:00
P01103,Emma Perera,emma.perera194@mail.test,FI,2025-04-06 21:00:00
P01104,Emma Perera,emma.perera506@mail.test,CA,2025-11-14 20:00:00
P01105,Omar Silva,omar.silva542@mail.test,SE,2026-01-31 20:00:00
P01106,Yusuf Ali,yusuf.ali71@mail.test,FI,2025-12-16 22:00:00
P01107,Dev Nair,dev.nair259@mail.test,GB,2025-11-18 10:00:00
P01108,Omar Silva,omar.silva316@mail.test,IN,2025-08-03 13:00:00
P01109,Ethan Patel,ethan.patel237@mail.test,NZ,2025-03-31 05:00:00
P01110,Lucas Ali,lucas.ali681@mail.test,DE,2025-04-03 18:00:00
P01111,Liam Nair,liam.nair638@mail.test,BR,2026-03-12 16:00:00
P01112,Noah Kim,noah.kim778@mail.test,CA,2026-01-07 00:00:00
P01113,Maya Brown,maya.brown37@mail.test,BR,2025-12-08 02:00:00
P01114,Yusuf Ahmed,yusuf.ahmed868@mail.test,NZ,2025-10-07 03:00:00
P01115,Sofia Brown,sofia.brown529@mail.test,GB,2026-02-16 20:00:00
P01116,Chloe Costa,chloe.costa923@mail.test,DE,2025-06-15 09:00:00
P01117,Omar Patel,omar.patel988@mail.test,IN,2025-08-26 22:00:00
P01118,Hugo Lopez,hugo.lopez501@mail.test,FI,2026-03-06 19:00:00
P01119,Hugo Costa,hugo.costa507@mail.test,DE,2025-09-12 23:00:00
P01120,Zara Fernando,zara.fernando658@mail.test,GB,2025-10-09 08:00:00
P01121,Noah Fernando,noah.fernando708@mail.test,GB,2025-08-17 11:00:00
P01122,Layla Patel,layla.patel5@mail.test,GB,2025-07-18 12:00:00
P01123,Aiden Ali,aiden.ali75@mail.test,IN,2025-10-05 21:00:00
P01124,Maya Ali,maya.ali276@mail.test,FI,2025-10-11 22:00:00
P01125,Ethan Garcia,ethan.garcia996@mail.test,NZ,2026-01-13 02:00:00
P01126,Emma Ahmed,emma.ahmed966@mail.test,NZ,2025-03-31 10:00:00
P01127,Ethan Wong,ethan.wong749@mail.test,CA,2025-04-19 07:00:00
P01128,Nina Kim,nina.kim491@mail.test,FI,2026-02-05 06:00:00
P01129,Zara Taylor,zara.taylor954@mail.test,BR,2026-03-26 12:00:00
P01130,Sofia Reid,sofia.reid188@mail.test,IN,2025-11-25 11:00:00
P01131,Dev Jones,dev.jones757@mail.test,BR,2025-09-22 08:00:00
P01132,Noah Novak,noah.novak46@mail.test,CA,2025-10-08 07:00:00
P01133,Dev Reid,dev.reid729@mail.test,GB,2025-09-28 22:00:00
P01134,Emma Kim,emma.kim436@mail.test,IN,2025-10-20 11:00:00
P01135,Ravi Brown,ravi.brown680@mail.test,FI,2025-08-12 08:00:00
P01136,Hugo Garcia,hugo.garcia428@mail.test,GB,2025-09-10 18:00:00
P01137,Noah Wong,noah.wong500@mail.test,NZ,2026-03-25 10:00:00
P01138,Emma Ahmed,emma.ahmed714@mail.test,IN,2025-08-29 19:00:00
P01139,Nina Ahmed,nina.ahmed703@mail.test,NZ,2025-12-12 22:00:00
P01140,Omar Costa,omar.costa179@mail.test,NZ,2025-04-17 14:00:00
P01141,Amara Ali,amara.ali908@mail.test,DE,2025-10-18 16:00:00
P01142,Zara Smith,zara.smith681@mail.test,BR,2025-08-07 04:00:00
P01143,Ethan Garcia,ethan.garcia825@mail.test,NZ,2025-06-09 08:00:00
P01144,Aiden Costa,aiden.costa123@mail.test,FI,2026-03-02 19:00:00
P01145,Ivy Novak,ivy.novak425@mail.test,SE,2026-01-28 00:00:00
P01146,Omar Nair,omar.nair395@mail.test,GB,2025-12-13 09:00:00
P01147,Liam Khan,liam.khan655@mail.test,IN,2025-12-02 04:00:00
P01148,Amara Smith,amara.smith202@mail.test,CA,2026-02-06 11:00:00
P01149,Dev Lopez,dev.lopez126@mail.test,FI,2025-06-13 03:00:00
P01150,Hugo Fernando,hugo.fernando463@mail.test,SE,2026-02-25 06:00:00
P01151,Aiden Jones,aiden.jones279@mail.test,FI,2025-03-13 05:00:00
P01152,Ivy Nair,ivy.nair271@mail.test,NZ,2025-09-11 05:00:00
P01153,Nina Taylor,nina.taylor116@mail.test,BR,2025-05-27 17:00:00
P01154,Noah Brown,noah.brown442@mail.test,NZ,2025-12-04 19:00:00
P01155,Omar Fernando,omar.fernando245@mail.test,BR,2025-07-21 16:00:00
P01156,Emma Wong,emma.wong519@mail.test,CA,2025-06-27 11:00:00
P01157,Noah Jones,noah.jones680@mail.test,CA,2025-08-23 14:00:00
P01158,Layla Jones,layla.jones150@mail.test,NZ,2025-10-29 18:00:00
P01159,Yusuf Ahmed,yusuf.ahmed340@mail.test,SE,2025-08-06 12:00:00
P01160,Dev Costa,dev.costa109@mail.test,GB,2025-04-22 06:00:00
P01161,Layla Patel,layla.patel998@mail.test,CA,2025-06-28 16:00:00
P01162,Zara Kim,zara.kim442@mail.test,BR,2026-01-02 23:00:00
P01163,Nina Brown,nina.brown480@mail.test,GB,2025-12-15 08:00:00
P01164,Ravi Patel,ravi.patel888@mail.test,SE,2026-01-03 23:00:00
P01165,Chloe Patel,chloe.patel288@mail.test,NZ,2025-05-20 10:00:00
P01166,Ivy Khan,ivy.khan709@mail.test,NZ,2026-01-20 18:00:00
P01167,Ivy Fernando,ivy.fernando122@mail.test,DE,2025-08-15 16:00:00
P01168,Noah Ali,noah.ali121@mail.test,DE,2025-07-02 21:00:00
P01169,Layla Taylor,layla.taylor940@mail.test,FI,2025-09-27 01:00:00
P01170,Dev Ahmed,dev.ahmed748@mail.test,GB,2025-11-22 03:00:00
P01171,Hugo Khan,hugo.khan408@mail.test,NZ,2025-07-09 04:00:00
P01172,Sofia Wong,sofia.wong276@mail.test,BR,2025-10-28 07:00:00
P01173,Chloe Silva,chloe.silva341@mail.test,FI,2025-04-15 07:00:00
P01174,Chloe Lopez,chloe.lopez716@mail.test,CA,2026-01-05 07:00:00
P01175,Amara Mendis,amara.mendis629@mail.test,SE,2025-12-08 01:00:00
P01176,Zara Kim,zara.kim630@mail.test,SE,2025-05-21 12:00:00
P01177,Layla Mendis,layla.mendis723@mail.test,NZ,2026-01-30 13:00:00
P01178,Sofia Ahmed,sofia.ahmed857@mail.test,IN,2025-07-23 01:00:00
P01179,Emma Patel,emma.patel982@mail.test,NZ,2026-03-10 11:00:00
P01180,Dev Smith,dev.smith594@mail.test,IN,2025-09-01 02:00:00
P01181,Nina Garcia,nina.garcia690@mail.test,BR,2026-01-20 14:00:00
P01182,Lucas Patel,lucas.patel238@mail.test,NZ,2025-12-31 13:00:00
P01183,Noah Taylor,noah.taylor237@mail.test,IN,2025-03-06 06:00:00
P01184,Noah Perera,noah.perera361@mail.test,SE,2025-04-24 00:00:00
P01185,Sofia Wong,sofia.wong159@mail.test,GB,2025-06-19 10:00:00
P01186,Noah Brown,noah.brown236@mail.test,CA,2025-09-19 03:00:00
P01187,Layla Smith,layla.smith318@mail.test,BR,2026-03-28 00:00:00
P01188,Yusuf Jones,yusuf.jones626@mail.test,FI,2026-03-20 05:00:00
P01189,Ethan Garcia,ethan.garcia872@mail.test,NZ,2026-03-03 08:00:00
P01190,Omar Perera,omar.perera465@mail.test,BR,2025-08-11 19:00:00
P01191,Dev Lopez,dev.lopez913@mail.test,GB,2026-01-08 12:00:00
P01192,Noah Garcia,noah.garcia311@mail.test,FI,2025-04-03 12:00:00
P01193,Ethan Silva,ethan.silva333@mail.test,BR,2026-01-26 11:00:00
P01194,Sofia Brown,sofia.brown918@mail.test,CA,2025-07-23 02:00:00
P01195,Aiden Lopez,aiden.lopez854@mail.test,CA,2026-02-18 21:00:00
P01196,Layla Garcia,layla.garcia595@mail.test,CA,2025-06-24 23:00:00
P01197,Sofia Reid,sofia.reid471@mail.test,NZ,2026-01-02 20:00:00
P01198,Yusuf Lopez,yusuf.lopez218@mail.test,BR,2025-11-12 03:00:00
P01199,Amara Patel,amara.patel167@mail.test,NZ,2025-07-10 12:00:00
P01200,Omar Garcia,omar.garcia773@mail.test,SE,2026-03-15 07:00:00
P01201,Lucas Costa,lucas.costa403@mail.test,DE,2025-07-16 16:00:00
P01202,Ravi Perera,ravi.perera204@mail.test,NZ,2025-12-29 05:00:00
P01203,Sofia Perera,sofia.perera291@mail.test,FI,2025-06-16 12:00:00
P01204,Chloe Kim,chloe.kim600@mail.test,NZ,2025-09-11 13:00:00
P01205,Hugo Ahmed,hugo.ahmed839@mail.test,BR,2025-10-09 04:00:00
P01206,Yusuf Lopez,yusuf.lopez634@mail.test,CA,2025-04-15 22:00:00
P01207,Omar Novak,omar.novak322@mail.test,SE,2025-08-01 13:00:00
P01208,Aiden Khan,aiden.khan8@mail.test,FI,2025-08-08 00:00:00
P01209,Aiden Ali,aiden.ali524@mail.test,CA,2025-04-26 03:00:00
P01210,Sofia Ahmed,sofia.ahmed894@mail.test,FI,2025-07-29 11:00:00
P01211,Ivy Reid,ivy.reid762@mail.test,DE,2026-01-16 02:00:00
P01212,Sofia Silva,sofia.silva316@mail.test,BR,2025-12-25 10:00:00
P01213,Noah Silva,noah.silva997@mail.test,BR,2025-10-24 20:00:00
P01214,Dev Reid,dev.reid159@mail.test,SE,2025-12-31 14:00:00
P01215,Noah Mendis,noah.mendis421@mail.test,IN,2025-03-06 14:00:00
P01216,Liam Fernando,liam.fernando816@mail.test,BR,2025-08-22 13:00:00
P01217,Ravi Wong,ravi.wong549@mail.test,NZ,2025-12-12 02:00:00
P01218,Maya Jones,maya.jones169@mail.test,SE,2025-08-04 00:00:00
P01219,Ethan Novak,ethan.novak145@mail.test,DE,2026-01-27 19:00:00
P01220,Ravi Reid,ravi.reid623@mail.test,GB,2025-03-29 13:00:00
P01221,Zara Brown,zara.brown503@mail.test,IN,2025-11-09 18:00:00
P01222,Ethan Brown,ethan.brown452@mail.test,NZ,2025-12-04 19:00:00
P01223,Tara Patel,tara.patel223@mail.test,IN,2025-09-12 04:00:00
P01224,Liam Khan,liam.khan350@mail.test,NZ,2025-09-18 22:00:00
P01225,Sofia Novak,sofia.novak581@mail.test,IN,2025-06-19 16:00:00
P01226,Maya Mendis,maya.mendis932@mail.test,GB,2025-10-16 17:00:00
P01227,Amara Reid,amara.reid416@mail.test,SE,2025-10-18 00:00:00
P01228,Zara Costa,zara.costa412@mail.test,GB,2025-03-23 15:00:00
P01229,Ethan Kim,ethan.kim364@mail.test,GB,2025-06-03 16:00:00
P01230,Emma Smith,emma.smith689@mail.test,NZ,2025-05-19 01:00:00
P01231,Dev Reid,dev.reid861@mail.test,DE,2025-07-19 05:00:00
P01232,Zara Garcia,zara.garcia23@mail.test,NZ,2025-05-20 15:00:00
P01233,Dev Brown,dev.brown450@mail.test,FI,2025-07-30 11:00:00
P01234,Zara Jones,zara.jones509@mail.test,SE,2026-01-26 15:00:00
P01235,Sofia Novak,sofia.novak611@mail.test,FI,2025-05-02 16:00:00
P01236,Hugo Perera,hugo.perera117@mail.test,GB,2025-06-04 16:00:00
P01237,Yusuf Costa,yusuf.costa766@mail.test,NZ,2025-03-27 08:00:00
P01238,Ravi Garcia,ravi.garcia622@mail.test,BR,2026-03-10 19:00:00
P01239,Omar Nair,omar.nair554@mail.test,FI,2025-11-29 05:00:00
P01240,Aiden Patel,aiden.patel439@mail.test,GB,2025-08-24 03:00:00
P01241,Hugo Fernando,hugo.fernando975@mail.test,DE,2026-01-06 13:00:00
P01242,Sofia Garcia,sofia.garcia220@mail.test,CA,2025-12-03 20:00:00
P01243,Ivy Reid,ivy.reid500@mail.test,BR,2025-09-22 17:00:00
P01244,Aiden Mendis,aiden.mendis227@mail.test,CA,2026-03-09 11:00:00
P01245,Yusuf Smith,yusuf.smith562@mail.test,BR,2025-04-30 10:00:00
P01246,Hugo Nair,hugo.nair331@mail.test,CA,2025-11-25 11:00:00
P01247,Ivy Ali,ivy.ali483@mail.test,BR,2025-05-02 03:00:00
P01248,Zara Perera,zara.perera658@mail.test,DE,2025-04-10 12:00:00
P01249,Chloe Garcia,chloe.garcia217@mail.test,GB,2026-02-25 23:00:00
P01250,Aiden Novak,aiden.novak325@mail.test,BR,2026-03-06 17:00:00
P01251,Chloe Perera,chloe.perera302@mail.test,NZ,2025-08-08 14:00:00
P01252,Hugo Fernando,hugo.fernando126@mail.test,FI,2025-03-01 23:00:00
P01253,Yusuf Lopez,yusuf.lopez733@mail.test,BR,2025-10-18 05:00:00
P01254,Lucas Brown,lucas.brown124@mail.test,NZ,2025-11-05 14:00:00
P01255,Lucas Costa,lucas.costa625@mail.test,SE,2025-11-20 06:00:00
P01256,Aiden Wong,aiden.wong175@mail.test,NZ,2025-05-02 21:00:00
P01257,Sofia Patel,sofia.patel5@mail.test,GB,2026-03-12 11:00:00
P01258,Ravi Novak,ravi.novak657@mail.test,BR,2025-09-12 22:00:00
P01259,Aiden Brown,aiden.brown673@mail.test,CA,2025-10-30 04:00:00
P01260,Ivy Lopez,ivy.lopez23@mail.test,SE,2026-03-10 05:00:00
P01261,Ivy Lopez,ivy.lopez572@mail.test,SE,2025-11-25 21:00:00
P01262,Nina Wong,nina.wong123@mail.test,DE,2025-08-01 09:00:00
P01263,Ivy Khan,ivy.khan973@mail.test,SE,2025-07-05 05:00:00
P01264,Ethan Wong,ethan.wong752@mail.test,DE,2025-10-06 12:00:00
P01265,Zara Garcia,zara.garcia172@mail.test,FI,2025-08-28 23:00:00
P01266,Chloe Ahmed,chloe.ahmed170@mail.test,SE,2026-01-23 14:00:00
P01267,Maya Lopez,maya.lopez929@mail.test,DE,2026-03-25 23:00:00
P01268,Maya Mendis,maya.mendis451@mail.test,FI,2026-03-03 11:00:00
P01269,Tara Ali,tara.ali910@mail.test,CA,2025-03-22 06:00:00
P01270,Omar Brown,omar.brown375@mail.test,BR,2025-05-19 03:00:00
P01271,Zara Perera,zara.perera123@mail.test,IN,2026-03-16 16:00:00
P01272,Emma Mendis,emma.mendis99@mail.test,IN,2026-02-19 16:00:00
P01273,Chloe Ali,chloe.ali442@mail.test,NZ,2026-02-18 20:00:00
P01274,Aiden Ahmed,aiden.ahmed193@mail.test,GB,2026-02-05 02:00:00
P01275,Dev Smith,dev.smith914@mail.test,DE,2025-12-28 22:00:00
P01276,Omar Ali,omar.ali712@mail.test,BR,2025-10-21 15:00:00
P01277,Sofia Ahmed,sofia.ahmed108@mail.test,SE,2025-07-25 10:00:00
P01278,Emma Nair,emma.nair139@mail.test,NZ,2025-10-09 06:00:00
P01279,Ethan Taylor,ethan.taylor261@mail.test,NZ,2025-12-04 05:00:00
P01280,Nina Smith,nina.smith509@mail.test,IN,2025-09-30 17:00:00
P01281,Liam Garcia,liam.garcia821@mail.test,GB,2026-01-11 02:00:00
P01282,Maya Ahmed,maya.ahmed258@mail.test,GB,2025-09-22 07:00:00
P01283,Amara Jones,amara.jones875@mail.test,NZ,2025-05-15 21:00:00
P01284,Omar Costa,omar.costa426@mail.test,BR,2025-08-03 16:00:00
P01285,Nina Lopez,nina.lopez584@mail.test,IN,2026-01-14 23:00:00
P01286,Ivy Costa,ivy.costa368@mail.test,CA,2025-12-06 17:00:00
P01287,Ethan Mendis,ethan.mendis869@mail.test,DE,2026-03-13 11:00:00
P01288,Chloe Kim,chloe.kim955@mail.test,SE,2025-03-31 06:00:00
P01289,Dev Mendis,dev.mendis858@mail.test,IN,2025-04-17 04:00:00
P01290,Amara Taylor,amara.taylor577@mail.test,NZ,2025-10-31 23:00:00
P01291,Sofia Jones,sofia.jones730@mail.test,FI,2026-01-13 11:00:00
P01292,Ethan Reid,ethan.reid985@mail.test,DE,2025-03-14 15:00:00
P01293,Sofia Ali,sofia.ali113@mail.test,DE,2025-11-02 21:00:00
P01294,Emma Mendis,emma.mendis307@mail.test,BR,2025-05-23 05:00:00
P01295,Ethan Patel,ethan.patel448@mail.test,BR,2025-08-02 11:00:00
P01296,Nina Taylor,nina.taylor761@mail.test,NZ,2025-04-21 18:00:00
P01297,Tara Patel,tara.patel241@mail.test,CA,2025-08-11 13:00:00
P01298,Maya Wong,maya.wong553@mail.test,GB,2025-12-18 16:00:00
P01299,Lucas Fernando,lucas.fernando335@mail.test,DE,2025-07-31 12:00:00
P01300,Yusuf Smith,yusuf.smith997@mail.test,BR,2026-03-27 17:00:00
P01301,Sofia Reid,sofia.reid282@mail.test,IN,2025-12-05 22:00:00
P01302,Zara Reid,zara.reid347@mail.test,CA,2025-10-14 23:00:00
P01303,Ethan Khan,ethan.khan396@mail.test,BR,2025-07-21 09:00:00
P01304,Hugo Smith,hugo.smith407@mail.test,FI,2026-03-16 03:00:00
P01305,Maya Ali,maya.ali633@mail.test,FI,2025-11-21 23:00:00
P01306,Aiden Lopez,aiden.lopez145@mail.test,BR,2025-04-21 16:00:00
P01307,Yusuf Nair,yusuf.nair920@mail.test,FI,2026-02-02 20:00:00
P01308,Ethan Jones,ethan.jones765@mail.test,CA,2025-10-08 07:00:00
P01309,Noah Novak,noah.novak161@mail.test,IN,2025-06-08 13:00:00
P01310,Amara Lopez,amara.lopez694@mail.test,SE,2025-11-09 13:00:00
P01311,Dev Brown,dev.brown277@mail.test,FI,2025-07-09 12:00:00
P01312,Aiden Patel,aiden.patel868@mail.test,SE,2025-11-17 09:00:00
P01313,Zara Ahmed,zara.ahmed70@mail.test,SE,2025-08-12 16:00:00
P01314,Lucas Khan,lucas.khan665@mail.test,FI,2025-06-17 12:00:00
P01315,Hugo Novak,hugo.novak752@mail.test,BR,2026-01-09 22:00:00
P01316,Nina Ali,nina.ali903@mail.test,CA,2025-07-13 06:00:00
P01317,Emma Lopez,emma.lopez416@mail.test,SE,2025-03-27 06:00:00
P01318,Dev Novak,dev.novak644@mail.test,GB,2025-11-06 13:00:00
P01319,Liam Ali,liam.ali899@mail.test,IN,2026-03-02 16:00:00
P01320,Tara Brown,tara.brown427@mail.test,IN,2025-04-13 20:00:00
P01321,Dev Smith,dev.smith316@mail.test,BR,2025-05-23 02:00:00
P01322,Tara Costa,tara.costa31@mail.test,BR,2026-02-02 23:00:00
P01323,Nina Fernando,nina.fernando681@mail.test,CA,2025-08-05 03:00:00
P01324,Lucas Silva,lucas.silva216@mail.test,BR,2025-12-21 11:00:00
P01325,Noah Costa,noah.costa696@mail.test,NZ,2025-05-05 09:00:00
P01326,Sofia Nair,sofia.nair238@mail.test,GB,2025-05-24 21:00:00
P01327,Maya Silva,maya.silva191@mail.test,IN,2025-05-26 07:00:00
P01328,Hugo Brown,hugo.brown561@mail.test,IN,2025-10-01 13:00:00
P01329,Tara Smith,tara.smith463@mail.test,GB,2025-10-29 15:00:00
P01330,Omar Lopez,omar.lopez312@mail.test,CA,2025-10-10 05:00:00
P01331,Nina Perera,nina.perera41@mail.test,BR,2025-11-22 17:00:00
P01332,Noah Patel,noah.patel384@mail.test,SE,2025-07-02 12:00:00
P01333,Emma Ahmed,emma.ahmed728@mail.test,BR,2025-03-02 05:00:00
P01334,Sofia Ali,sofia.ali227@mail.test,BR,2025-11-10 07:00:00
P01335,Zara Khan,zara.khan774@mail.test,SE,2025-12-04 19:00:00
P01336,Sofia Wong,sofia.wong726@mail.test,CA,2025-11-20 04:00:00
P01337,Aiden Khan,aiden.khan959@mail.test,IN,2025-09-26 16:00:00
P01338,Layla Reid,layla.reid385@mail.test,NZ,2026-02-01 02:00:00
P01339,Amara Smith,amara.smith7@mail.test,NZ,2025-09-18 12:00:00
P01340,Yusuf Taylor,yusuf.taylor949@mail.test,CA,2025-03-24 06:00:00
P01341,Hugo Khan,hugo.khan600@mail.test,GB,2025-05-10 07:00:00
P01342,Omar Costa,omar.costa657@mail.test,CA,2025-11-09 00:00:00
P01343,Lucas Nair,lucas.nair92@mail.test,BR,2025-10-12 17:00:00
P01344,Noah Smith,noah.smith943@mail.test,FI,2025-05-04 22:00:00
P01345,Liam Ahmed,liam.ahmed811@mail.test,DE,2026-01-28 03:00:00
P01346,Lucas Nair,lucas.nair959@mail.test,IN,2025-05-09 00:00:00
P01347,Dev Novak,dev.novak352@mail.test,SE,2025-12-14 11:00:00
P01348,Omar Perera,omar.perera6@mail.test,GB,2025-08-30 07:00:00
P01349,Lucas Mendis,lucas.mendis175@mail.test,NZ,2025-08-15 00:00:00
P01350,Ravi Silva,ravi.silva178@mail.test,GB,2025-03-26 05:00:00
P01351,Sofia Khan,sofia.khan64@mail.test,SE,2025-07-17 20:00:00
P01352,Liam Smith,liam.smith107@mail.test,FI,2025-07-02 06:00:00
P01353,Maya Lopez,maya.lopez809@mail.test,DE,2025-06-09 14:00:00
P01354,Liam Taylor,liam.taylor518@mail.test,SE,2025-05-18 22:00:00
P01355,Yusuf Patel,yusuf.patel63@mail.test,BR,2026-02-21 17:00:00
P01356,Noah Taylor,noah.taylor682@mail.test,GB,2025-03-21 13:00:00
P01357,Noah Perera,noah.perera451@mail.test,BR,2026-02-09 20:00:00
P01358,Tara Ali,tara.ali26@mail.test,GB,2025-04-18 07:00:00
P01359,Layla Taylor,layla.taylor366@mail.test,GB,2026-03-31 18:00:00
P01360,Hugo Ali,hugo.ali879@mail.test,FI,2025-04-13 12:00:00
P01361,Omar Patel,omar.patel745@mail.test,BR,2026-02-03 06:00:00
P01362,Nina Mendis,nina.mendis237@mail.test,FI,2025-11-28 19:00:00
P01363,Ivy Ahmed,ivy.ahmed251@mail.test,NZ,2025-11-22 22:00:00
P01364,Ethan Brown,ethan.brown24@mail.test,BR,2025-03-12 14:00:00
P01365,Sofia Patel,sofia.patel506@mail.test,BR,2025-12-21 16:00:00
P01366,Yusuf Lopez,yusuf.lopez874@mail.test,BR,2026-02-15 22:00:00
P01367,Sofia Kim,sofia.kim400@mail.test,FI,2025-11-07 01:00:00
P01368,Emma Kim,emma.kim101@mail.test,SE,2025-05-22 07:00:00
P01369,Chloe Wong,chloe.wong327@mail.test,CA,2025-08-29 04:00:00
P01370,Tara Patel,tara.patel176@mail.test,IN,2026-02-16 09:00:00
P01371,Liam Patel,liam.patel570@mail.test,SE,2026-01-14 21:00:00
P01372,Noah Brown,noah.brown429@mail.test,IN,2025-10-05 13:00:00
P01373,Zara Mendis,zara.mendis914@mail.test,NZ,2025-07-06 02:00:00
P01374,Sofia Khan,sofia.khan953@mail.test,NZ,2025-11-29 06:00:00
P01375,Ethan Kim,ethan.kim840@mail.test,FI,2025-05-13 11:00:00
P01376,Ethan Novak,ethan.novak838@mail.test,IN,2025-09-06 16:00:00
P01377,Zara Brown,zara.brown606@mail.test,IN,2025-11-25 21:00:00
P01378,Aiden Perera,aiden.perera960@mail.test,SE,2025-11-05 11:00:00
P01379,Emma Novak,emma.novak599@mail.test,GB,2025-08-24 00:00:00
P01380,Zara Perera,zara.perera970@mail.test,SE,2025-08-25 03:00:00
P01381,Nina Khan,nina.khan454@mail.test,NZ,2025-07-27 12:00:00
P01382,Maya Lopez,maya.lopez350@mail.test,BR,2025-12-08 22:00:00
P01383,Nina Nair,nina.nair878@mail.test,FI,2026-01-20 10:00:00
P01384,Ethan Lopez,ethan.lopez670@mail.test,CA,2025-12-02 02:00:00
P01385,Hugo Nair,hugo.nair364@mail.test,SE,2026-01-31 12:00:00
P01386,Sofia Taylor,sofia.taylor931@mail.test,FI,2026-02-19 12:00:00
P01387,Nina Mendis,nina.mendis156@mail.test,SE,2025-12-24 05:00:00
P01388,Ivy Perera,ivy.perera148@mail.test,FI,2026-01-14 03:00:00
P01389,Ravi Lopez,ravi.lopez862@mail.test,FI,2026-03-25 08:00:00
P01390,Liam Khan,liam.khan981@mail.test,BR,2025-11-21 00:00:00
P01391,Ivy Wong,ivy.wong751@mail.test,IN,2025-07-04 11:00:00
P01392,Layla Jones,layla.jones324@mail.test,NZ,2025-06-27 02:00:00
P01393,Lucas Novak,lucas.novak949@mail.test,DE,2025-06-19 11:00:00
P01394,Zara Jones,zara.jones489@mail.test,NZ,2025-08-17 03:00:00
P01395,Omar Patel,omar.patel790@mail.test,CA,2025-07-30 19:00:00
P01396,Aiden Taylor,aiden.taylor569@mail.test,DE,2025-08-11 03:00:00
P01397,Hugo Smith,hugo.smith413@mail.test,DE,2025-07-23 08:00:00
P01398,Chloe Reid,chloe.reid531@mail.test,IN,2025-08-15 00:00:00
P01399,Ivy Kim,ivy.kim909@mail.test,BR,2026-03-05 13:00:00
P01400,Emma Perera,emma.perera58@mail.test,IN,2025-08-25 20:00:00
P01401,Omar Nair,omar.nair708@mail.test,BR,2025-08-06 02:00:00
P01402,Lucas Ali,lucas.ali287@mail.test,NZ,2026-03-13 21:00:00
P01403,Yusuf Mendis,yusuf.mendis227@mail.test,DE,2025-07-14 21:00:00
P01404,Dev Reid,dev.reid605@mail.test,NZ,2025-10-07 04:00:00
P01405,Omar Nair,omar.nair312@mail.test,BR,2026-03-05 06:00:00
P01406,Yusuf Taylor,yusuf.taylor11@mail.test,NZ,2025-07-18 07:00:00
P01407,Lucas Patel,lucas.patel768@mail.test,GB,2025-08-01 16:00:00
P01408,Ethan Brown,ethan.brown421@mail.test,SE,2026-03-09 06:00:00
P01409,Omar Silva,omar.silva71@mail.test,FI,2026-01-20 22:00:00
P01410,Nina Fernando,nina.fernando263@mail.test,GB,2026-02-14 20:00:00
P01411,Aiden Silva,aiden.silva562@mail.test,DE,2025-06-21 23:00:00
P01412,Amara Patel,amara.patel783@mail.test,GB,2025-10-26 05:00:00
P01413,Yusuf Costa,yusuf.costa228@mail.test,FI,2025-11-02 12:00:00
P01414,Maya Reid,maya.reid434@mail.test,CA,2025-08-13 15:00:00
P01415,Ivy Khan,ivy.khan445@mail.test,SE,2025-11-26 23:00:00
P01416,Layla Ahmed,layla.ahmed289@mail.test,NZ,2025-08-08 09:00:00
P01417,Hugo Ali,hugo.ali798@mail.test,DE,2026-01-13 09:00:00
P01418,Lucas Wong,lucas.wong418@mail.test,BR,2026-03-04 13:00:00
P01419,Ravi Khan,ravi.khan130@mail.test,GB,2026-03-25 13:00:00
P01420,Nina Taylor,nina.taylor257@mail.test,BR,2026-03-04 23:00:00
P01421,Nina Garcia,nina.garcia831@mail.test,NZ,2025-04-10 16:00:00
P01422,Ivy Garcia,ivy.garcia361@mail.test,SE,2025-07-30 03:00:00
P01423,Ravi Patel,ravi.patel902@mail.test,BR,2025-08-28 10:00:00
P01424,Emma Nair,emma.nair753@mail.test,IN,2026-01-26 23:00:00
P01425,Ivy Fernando,ivy.fernando373@mail.test,FI,2025-11-05 16:00:00
P01426,Emma Mendis,emma.mendis420@mail.test,FI,2026-01-22 11:00:00
P01427,Maya Patel,maya.patel195@mail.test,NZ,2025-06-16 12:00:00
P01428,Ivy Nair,ivy.nair545@mail.test,GB,2025-05-29 05:00:00
P01429,Ravi Fernando,ravi.fernando854@mail.test,DE,2026-02-17 11:00:00
P01430,Zara Silva,zara.silva124@mail.test,BR,2025-06-05 00:00:00
P01431,Ivy Jones,ivy.jones54@mail.test,CA,2025-04-07 08:00:00
P01432,Maya Costa,maya.costa64@mail.test,NZ,2025-05-07 02:00:00
P01433,Ravi Perera,ravi.perera414@mail.test,FI,2025-06-03 07:00:00
P01434,Dev Ali,dev.ali58@mail.test,BR,2025-04-05 21:00:00
P01435,Amara Mendis,amara.mendis550@mail.test,CA,2025-07-30 02:00:00
P01436,Nina Patel,nina.patel104@mail.test,IN,2025-05-20 22:00:00
P01437,Dev Brown,dev.brown995@mail.test,DE,2026-01-12 00:00:00
P01438,Liam Wong,liam.wong762@mail.test,CA,2026-02-21 22:00:00
P01439,Maya Garcia,maya.garcia888@mail.test,NZ,2026-03-06 14:00:00
P01440,Ivy Ali,ivy.ali650@mail.test,NZ,2025-05-17 13:00:00
P01441,Hugo Lopez,hugo.lopez299@mail.test,DE,2025-11-23 19:00:00
P01442,Ivy Khan,ivy.khan680@mail.test,FI,2025-12-13 04:00:00
P01443,Sofia Kim,sofia.kim951@mail.test,NZ,2025-04-09 12:00:00
P01444,Nina Perera,nina.perera913@mail.test,DE,2026-01-09 22:00:00
P01445,Lucas Smith,lucas.smith640@mail.test,FI,2025-10-31 11:00:00
P01446,Ivy Ahmed,ivy.ahmed679@mail.test,BR,2025-05-21 14:00:00
P01447,Sofia Taylor,sofia.taylor953@mail.test,IN,2026-03-05 00:00:00
P01448,Tara Brown,tara.brown37@mail.test,FI,2025-03-10 02:00:00
P01449,Amara Lopez,amara.lopez752@mail.test,DE,2025-10-30 14:00:00
P01450,Yusuf Brown,yusuf.brown143@mail.test,SE,2026-02-25 15:00:00
P01451,Noah Smith,noah.smith54@mail.test,SE,2025-09-16 20:00:00
P01452,Hugo Lopez,hugo.lopez744@mail.test,CA,2026-02-28 11:00:00
P01453,Chloe Garcia,chloe.garcia413@mail.test,NZ,2025-03-26 15:00:00
P01454,Yusuf Patel,yusuf.patel351@mail.test,FI,2025-11-09 16:00:00
P01455,Dev Silva,dev.silva875@mail.test,FI,2025-06-08 15:00:00
P01456,Ravi Lopez,ravi.lopez223@mail.test,CA,2025-12-26 23:00:00
P01457,Lucas Garcia,lucas.garcia548@mail.test,CA,2026-03-18 09:00:00
P01458,Maya Ahmed,maya.ahmed994@mail.test,FI,2025-06-17 17:00:00
P01459,Chloe Khan,chloe.khan865@mail.test,BR,2025-02-28 08:00:00
P01460,Lucas Costa,lucas.costa878@mail.test,NZ,2025-12-24 04:00:00
P01461,Dev Reid,dev.reid463@mail.test,FI,2025-05-11 13:00:00
P01462,Nina Lopez,nina.lopez133@mail.test,DE,2026-01-19 05:00:00
P01463,Amara Khan,amara.khan625@mail.test,SE,2026-02-15 19:00:00
P01464,Hugo Fernando,hugo.fernando659@mail.test,BR,2025-09-06 05:00:00
P01465,Omar Ali,omar.ali605@mail.test,SE,2025-10-25 18:00:00
P01466,Emma Patel,emma.patel508@mail.test,CA,2025-06-02 11:00:00
P01467,Lucas Ali,lucas.ali829@mail.test,CA,2025-06-15 18:00:00
P01468,Amara Costa,amara.costa513@mail.test,FI,2026-03-07 16:00:00
P01469,Nina Fernando,nina.fernando716@mail.test,IN,2026-03-03 06:00:00
P01470,Amara Brown,amara.brown300@mail.test,IN,2025-09-05 04:00:00
P01471,Layla Lopez,layla.lopez410@mail.test,BR,2026-01-10 16:00:00
P01472,Dev Kim,dev.kim720@mail.test,GB,2025-06-27 14:00:00
P01473,Layla Kim,layla.kim159@mail.test,IN,2026-01-21 21:00:00
P01474,Noah Lopez,noah.lopez525@mail.test,BR,2025-07-01 10:00:00
P01475,Nina Mendis,nina.mendis298@mail.test,FI,2025-05-20 18:00:00
P01476,Nina Patel,nina.patel549@mail.test,DE,2025-03-02 16:00:00
P01477,Ivy Mendis,ivy.mendis512@mail.test,NZ,2026-02-22 19:00:00
P01478,Sofia Nair,sofia.nair377@mail.test,NZ,2025-09-24 03:00:00
P01479,Zara Patel,zara.patel567@mail.test,DE,2025-11-20 05:00:00
P01480,Ivy Wong,ivy.wong940@mail.test,NZ,2025-09-28 05:00:00
P01481,Liam Reid,liam.reid784@mail.test,SE,2026-01-04 09:00:00
P01482,Ivy Khan,ivy.khan24@mail.test,NZ,2025-03-01 16:00:00
P01483,Aiden Patel,aiden.patel820@mail.test,FI,2025-12-21 20:00:00
P01484,Ravi Novak,ravi.novak554@mail.test,NZ,2025-08-13 07:00:00
P01485,Yusuf Jones,yusuf.jones31@mail.test,CA,2026-01-08 22:00:00
P01486,Lucas Reid,lucas.reid672@mail.test,BR,2025-07-18 09:00:00
P01487,Dev Kim,dev.kim715@mail.test,GB,2025-11-19 17:00:00
P01488,Sofia Patel,sofia.patel636@mail.test,BR,2026-02-08 10:00:00
P01489,Liam Kim,liam.kim155@mail.test,GB,2025-12-07 03:00:00
P01490,Chloe Fernando,chloe.fernando607@mail.test,IN,2026-01-24 05:00:00
P01491,Lucas Reid,lucas.reid281@mail.test,DE,2026-01-20 01:00:00
P01492,Noah Kim,noah.kim784@mail.test,SE,2025-11-27 10:00:00
P01493,Chloe Ahmed,chloe.ahmed42@mail.test,IN,2025-03-14 17:00:00
P01494,Sofia Wong,sofia.wong842@mail.test,NZ,2025-12-18 22:00:00
P01495,Tara Costa,tara.costa588@mail.test,CA,2026-02-26 05:00:00
P01496,Dev Fernando,dev.fernando28@mail.test,SE,2025-09-07 01:00:00
P01497,Liam Khan,liam.khan840@mail.test,IN,2025-05-25 14:00:00
P01498,Maya Brown,maya.brown832@mail.test,BR,2025-09-02 22:00:00
P01499,Liam Ali,liam.ali797@mail.test,FI,2026-03-22 09:00:00
P01500,Ivy Jones,ivy.jones635@mail.test,DE,2025-09-27 12:00:00
P01501,Zara Ali,zara.ali134@mail.test,SE,2025-07-27 03:00:00
P01502,Liam Jones,liam.jones528@mail.test,BR,2025-03-14 03:00:00
P01503,Zara Jones,zara.jones594@mail.test,SE,2025-03-13 06:00:00
P01504,Amara Ali,amara.ali868@mail.test,DE,2025-05-18 18:00:00
P01505,Chloe Wong,chloe.wong10@mail.test,DE,2025-12-06 01:00:00
P01506,Ethan Lopez,ethan.lopez561@mail.test,IN,2025-06-08 15:00:00
P01507,Dev Wong,dev.wong816@mail.test,SE,2026-01-24 00:00:00
P01508,Aiden Khan,aiden.khan991@mail.test,SE,2025-04-15 11:00:00
P01509,Ethan Jones,ethan.jones249@mail.test,GB,2025-12-24 16:00:00
P01510,Emma Smith,emma.smith240@mail.test,BR,2025-12-15 10:00:00
P01511,Nina Reid,nina.reid835@mail.test,DE,2025-10-26 06:00:00
P01512,Emma Ali,emma.ali148@mail.test,IN,2025-06-29 06:00:00
P01513,Aiden Kim,aiden.kim264@mail.test,DE,2025-05-11 18:00:00
P01514,Nina Fernando,nina.fernando368@mail.test,FI,2026-03-10 01:00:00
P01515,Ethan Brown,ethan.brown455@mail.test,BR,2025-07-15 19:00:00
P01516,Aiden Fernando,aiden.fernando430@mail.test,DE,2025-10-01 15:00:00
P01517,Ravi Perera,ravi.perera76@mail.test,IN,2025-07-20 14:00:00
P01518,Ethan Mendis,ethan.mendis15@mail.test,GB,2025-07-08 15:00:00
P01519,Chloe Silva,chloe.silva310@mail.test,NZ,2026-01-29 23:00:00
P01520,Noah Perera,noah.perera772@mail.test,DE,2025-06-27 10:00:00
P01521,Yusuf Patel,yusuf.patel798@mail.test,CA,2025-12-07 16:00:00
P01522,Aiden Wong,aiden.wong535@mail.test,IN,2025-10-29 18:00:00
P01523,Tara Garcia,tara.garcia221@mail.test,SE,2025-02-27 08:00:00
P01524,Ethan Costa,ethan.costa160@mail.test,GB,2025-06-03 17:00:00
P01525,Ravi Khan,ravi.khan539@mail.test,CA,2025-07-10 19:00:00
P01526,Ethan Patel,ethan.patel666@mail.test,SE,2025-05-06 05:00:00
P01527,Aiden Novak,aiden.novak378@mail.test,BR,2025-11-06 03:00:00
P01528,Chloe Patel,chloe.patel109@mail.test,IN,2025-03-18 21:00:00
P01529,Tara Kim,tara.kim907@mail.test,NZ,2025-07-01 08:00:00
P01530,Layla Ali,layla.ali580@mail.test,NZ,2025-08-15 04:00:00
P01531,Ivy Ahmed,ivy.ahmed818@mail.test,BR,2025-05-10 03:00:00
P01532,Liam Jones,liam.jones569@mail.test,BR,2025-10-01 03:00:00
P01533,Maya Khan,maya.khan498@mail.test,BR,2026-01-29 00:00:00
P01534,Ivy Ahmed,ivy.ahmed782@mail.test,GB,2025-07-14 23:00:00
P01535,Amara Reid,amara.reid702@mail.test,NZ,2025-04-23 18:00:00
P01536,Yusuf Fernando,yusuf.fernando121@mail.test,SE,2026-03-27 08:00:00
P01537,Sofia Novak,sofia.novak822@mail.test,BR,2026-03-09 23:00:00
P01538,Hugo Kim,hugo.kim978@mail.test,BR,2025-06-09 09:00:00
P01539,Liam Patel,liam.patel877@mail.test,DE,2025-04-10 11:00:00
P01540,Ivy Ali,ivy.ali152@mail.test,SE,2025-05-01 05:00:00
P01541,Hugo Brown,hugo.brown174@mail.test,IN,2026-02-14 03:00:00
P01542,Chloe Nair,chloe.nair125@mail.test,CA,2025-11-04 02:00:00
P01543,Tara Ahmed,tara.ahmed875@mail.test,IN,2026-03-24 19:00:00
P01544,Zara Wong,zara.wong220@mail.test,FI,2025-04-01 08:00:00
P01545,Chloe Ali,chloe.ali6@mail.test,FI,2025-10-13 19:00:00
P01546,Tara Ali,tara.ali528@mail.test,IN,2025-05-26 15:00:00
P01547,Layla Jones,layla.jones96@mail.test,CA,2025-10-29 15:00:00
P01548,Ravi Wong,ravi.wong431@mail.test,DE,2025-12-15 20:00:00
P01549,Dev Ali,dev.ali225@mail.test,CA,2025-08-26 02:00:00
P01550,Aiden Taylor,aiden.taylor134@mail.test,SE,2026-03-20 17:00:00
P01551,Dev Khan,dev.khan886@mail.test,SE,2025-08-16 11:00:00
P01552,Omar Nair,omar.nair155@mail.test,NZ,2025-07-22 18:00:00
P01553,Ethan Reid,ethan.reid869@mail.test,CA,2025-10-23 15:00:00
P01554,Noah Smith,noah.smith289@mail.test,BR,2025-09-19 14:00:00
P01555,Hugo Perera,hugo.perera51@mail.test,IN,2026-02-05 16:00:00
P01556,Sofia Khan,sofia.khan810@mail.test,GB,2026-03-26 01:00:00
P01557,Yusuf Garcia,yusuf.garcia358@mail.test,NZ,2025-06-22 09:00:00
P01558,Ivy Perera,ivy.perera192@mail.test,DE,2026-03-04 05:00:00
P01559,Emma Garcia,emma.garcia84@mail.test,NZ,2026-03-18 05:00:00
P01560,Dev Fernando,dev.fernando491@mail.test,GB,2026-02-22 08:00:00
P01561,Ethan Smith,ethan.smith728@mail.test,SE,2025-12-26 16:00:00
P01562,Liam Perera,liam.perera616@mail.test,DE,2026-03-05 02:00:00
P01563,Tara Wong,tara.wong374@mail.test,IN,2025-08-01 08:00:00
P01564,Ravi Smith,ravi.smith638@mail.test,IN,2026-03-06 02:00:00
P01565,Emma Wong,emma.wong198@mail.test,BR,2026-02-05 01:00:00
P01566,Dev Wong,dev.wong429@mail.test,NZ,2025-04-28 12:00:00
P01567,Tara Smith,tara.smith129@mail.test,GB,2025-03-11 11:00:00
P01568,Yusuf Patel,yusuf.patel85@mail.test,BR,2025-11-06 20:00:00
P01569,Zara Brown,zara.brown951@mail.test,BR,2025-10-30 23:00:00
P01570,Amara Kim,amara.kim386@mail.test,SE,2025-03-10 03:00:00
P01571,Ivy Kim,ivy.kim1@mail.test,DE,2026-02-08 01:00:00
P01572,Layla Khan,layla.khan686@mail.test,DE,2026-03-10 00:00:00
P01573,Maya Brown,maya.brown318@mail.test,BR,2025-11-16 23:00:00
P01574,Aiden Taylor,aiden.taylor534@mail.test,GB,2025-12-25 22:00:00
P01575,Zara Lopez,zara.lopez640@mail.test,CA,2026-02-13 04:00:00
P01576,Zara Nair,zara.nair329@mail.test,FI,2025-06-15 14:00:00
P01577,Tara Garcia,tara.garcia191@mail.test,FI,2025-12-23 13:00:00
P01578,Omar Garcia,omar.garcia189@mail.test,FI,2026-01-17 07:00:00
P01579,Maya Kim,maya.kim639@mail.test,CA,2025-09-07 13:00:00
P01580,Nina Ahmed,nina.ahmed772@mail.test,SE,2025-07-31 09:00:00
P01581,Hugo Costa,hugo.costa732@mail.test,FI,2025-11-22 11:00:00
P01582,Lucas Silva,lucas.silva358@mail.test,NZ,2025-05-18 13:00:00
P01583,Omar Brown,omar.brown97@mail.test,BR,2025-12-10 16:00:00
P01584,Aiden Nair,aiden.nair4@mail.test,CA,2025-10-03 00:00:00
P01585,Nina Smith,nina.smith561@mail.test,NZ,2025-03-25 07:00:00
P01586,Emma Nair,emma.nair890@mail.test,FI,2025-11-15 09:00:00
P01587,Yusuf Wong,yusuf.wong460@mail.test,NZ,2025-07-15 06:00:00
P01588,Nina Garcia,nina.garcia980@mail.test,IN,2025-11-14 00:00:00
P01589,Layla Ali,layla.ali428@mail.test,FI,2025-10-14 02:00:00
P01590,Tara Fernando,tara.fernando706@mail.test,BR,2025-10-13 10:00:00
P01591,Layla Reid,layla.reid430@mail.test,GB,2025-11-09 22:00:00
P01592,Ravi Ahmed,ravi.ahmed810@mail.test,BR,2025-04-01 22:00:00
P01593,Sofia Perera,sofia.perera727@mail.test,GB,2025-07-12 08:00:00
P01594,Zara Wong,zara.wong622@mail.test,FI,2025-06-17 06:00:00
P01595,Dev Brown,dev.brown136@mail.test,NZ,2025-07-31 02:00:00
P01596,Chloe Ali,chloe.ali45@mail.test,GB,2026-01-14 01:00:00
P01597,Amara Patel,amara.patel149@mail.test,NZ,2025-10-17 22:00:00
P01598,Tara Perera,tara.perera505@mail.test,IN,2025-09-30 22:00:00
P01599,Emma Kim,emma.kim186@mail.test,CA,2025-09-14 14:00:00
P01600,Nina Ahmed,nina.ahmed395@mail.test,GB,2026-02-02 16:00:00
P01601,Aiden Khan,aiden.khan845@mail.test,BR,2025-12-07 20:00:00
P01602,Lucas Lopez,lucas.lopez382@mail.test,SE,2026-03-19 23:00:00
P01603,Noah Nair,noah.nair156@mail.test,SE,2025-08-06 19:00:00
P01604,Nina Ahmed,nina.ahmed196@mail.test,BR,2025-08-31 16:00:00
P01605,Omar Taylor,omar.taylor216@mail.test,CA,2025-10-08 19:00:00
P01606,Liam Jones,liam.jones509@mail.test,SE,2025-08-18 02:00:00
P01607,Chloe Silva,chloe.silva311@mail.test,DE,2026-02-15 16:00:00
P01608,Omar Kim,omar.kim907@mail.test,NZ,2025-10-02 22:00:00
P01609,Dev Costa,dev.costa226@mail.test,IN,2025-09-18 22:00:00
P01610,Maya Patel,maya.patel420@mail.test,FI,2025-03-12 04:00:00
P01611,Dev Kim,dev.kim565@mail.test,NZ,2025-07-08 04:00:00
P01612,Sofia Novak,sofia.novak38@mail.test,DE,2025-07-19 01:00:00
P01613,Sofia Fernando,sofia.fernando91@mail.test,CA,2025-05-20 06:00:00
P01614,Tara Ahmed,tara.ahmed616@mail.test,DE,2025-03-23 06:00:00
P01615,Dev Silva,dev.silva205@mail.test,IN,2025-10-31 08:00:00
P01616,Layla Nair,layla.nair911@mail.test,BR,2025-10-11 15:00:00
P01617,Nina Costa,nina.costa111@mail.test,NZ,2025-03-31 23:00:00
P01618,Noah Perera,noah.perera884@mail.test,IN,2025-09-21 10:00:00
P01619,Maya Kim,maya.kim704@mail.test,SE,2026-02-05 07:00:00
P01620,Dev Silva,dev.silva75@mail.test,DE,2025-10-02 17:00:00
P01621,Aiden Silva,aiden.silva29@mail.test,FI,2025-05-16 22:00:00
P01622,Noah Patel,noah.patel593@mail.test,FI,2025-09-28 03:00:00
P01623,Aiden Ahmed,aiden.ahmed726@mail.test,SE,2026-03-21 03:00:00
P01624,Nina Silva,nina.silva749@mail.test,IN,2026-01-08 07:00:00
P01625,Amara Garcia,amara.garcia268@mail.test,FI,2026-03-08 18:00:00
P01626,Maya Reid,maya.reid837@mail.test,DE,2025-10-27 22:00:00
P01627,Ravi Brown,ravi.brown967@mail.test,CA,2025-08-21 13:00:00
P01628,Ivy Fernando,ivy.fernando719@mail.test,NZ,2026-02-28 17:00:00
P01629,Hugo Taylor,hugo.taylor990@mail.test,SE,2025-03-27 17:00:00
P01630,Amara Lopez,amara.lopez803@mail.test,NZ,2026-02-07 05:00:00
P01631,Zara Novak,zara.novak964@mail.test,FI,2025-07-18 12:00:00
P01632,Chloe Costa,chloe.costa521@mail.test,BR,2025-03-23 20:00:00
P01633,Lucas Costa,lucas.costa89@mail.test,GB,2026-01-26 16:00:00
P01634,Dev Perera,dev.perera349@mail.test,GB,2025-06-28 21:00:00
P01635,Sofia Lopez,sofia.lopez845@mail.test,GB,2025-06-22 17:00:00
P01636,Sofia Khan,sofia.khan691@mail.test,GB,2025-03-18 18:00:00
P01637,Ravi Ahmed,ravi.ahmed706@mail.test,NZ,2025-09-11 03:00:00
P01638,Yusuf Reid,yusuf.reid231@mail.test,DE,2025-09-18 06:00:00
P01639,Ivy Nair,ivy.nair110@mail.test,BR,2025-11-01 11:00:00
P01640,Sofia Costa,sofia.costa845@mail.test,SE,2025-08-05 17:00:00
P01641,Omar Perera,omar.perera250@mail.test,IN,2025-08-12 12:00:00
P01642,Tara Nair,tara.nair509@mail.test,IN,2025-10-08 03:00:00
P01643,Lucas Mendis,lucas.mendis379@mail.test,CA,2025-08-29 16:00:00
P01644,Ethan Kim,ethan.kim151@mail.test,BR,2025-10-13 02:00:00
P01645,Ivy Reid,ivy.reid904@mail.test,GB,2025-06-21 01:00:00
P01646,Chloe Novak,chloe.novak284@mail.test,NZ,2025-04-14 16:00:00
P01647,Tara Novak,tara.novak726@mail.test,BR,2025-07-21 22:00:00
P01648,Nina Taylor,nina.taylor771@mail.test,BR,2025-09-16 11:00:00
P01649,Amara Ahmed,amara.ahmed433@mail.test,FI,2025-03-30 04:00:00
P01650,Chloe Lopez,chloe.lopez328@mail.test,IN,2025-12-13 18:00:00
P01651,Ravi Costa,ravi.costa472@mail.test,BR,2025-03-20 04:00:00
P01652,Yusuf Taylor,yusuf.taylor520@mail.test,IN,2025-11-13 06:00:00
P01653,Ivy Taylor,ivy.taylor359@mail.test,SE,2026-02-09 21:00:00
P01654,Noah Ahmed,noah.ahmed553@mail.test,GB,2025-10-10 11:00:00
P01655,Ivy Nair,ivy.nair52@mail.test,CA,2025-06-24 21:00:00
P01656,Lucas Costa,lucas.costa284@mail.test,SE,2025-03-08 15:00:00
P01657,Zara Garcia,zara.garcia874@mail.test,CA,2025-09-06 17:00:00
P01658,Chloe Fernando,chloe.fernando705@mail.test,DE,2025-12-06 15:00:00
P01659,Nina Novak,nina.novak752@mail.test,BR,2025-04-18 17:00:00
P01660,Ivy Fernando,ivy.fernando276@mail.test,DE,2026-01-21 09:00:00
P01661,Tara Ahmed,tara.ahmed202@mail.test,IN,2025-09-07 20:00:00
P01662,Yusuf Reid,yusuf.reid319@mail.test,DE,2026-02-06 02:00:00
P01663,Yusuf Perera,yusuf.perera758@mail.test,IN,2026-02-06 18:00:00
P01664,Sofia Smith,sofia.smith556@mail.test,BR,2025-05-19 22:00:00
P01665,Sofia Lopez,sofia.lopez208@mail.test,GB,2025-05-12 18:00:00
P01666,Ravi Silva,ravi.silva195@mail.test,GB,2026-03-31 03:00:00
P01667,Tara Khan,tara.khan209@mail.test,IN,2025-06-17 06:00:00
P01668,Noah Novak,noah.novak18@mail.test,IN,2025-07-16 06:00:00
P01669,Omar Kim,omar.kim945@mail.test,BR,2025-06-03 01:00:00
P01670,Sofia Perera,sofia.perera449@mail.test,CA,2025-08-31 20:00:00
P01671,Ivy Patel,ivy.patel690@mail.test,GB,2026-01-10 05:00:00
P01672,Ravi Garcia,ravi.garcia669@mail.test,IN,2025-11-16 05:00:00
P01673,Maya Taylor,maya.taylor23@mail.test,CA,2025-05-23 12:00:00
P01674,Layla Khan,layla.khan466@mail.test,NZ,2026-02-14 11:00:00
P01675,Omar Jones,omar.jones441@mail.test,CA,2026-02-06 20:00:00
P01676,Hugo Fernando,hugo.fernando598@mail.test,SE,2026-02-17 04:00:00
P01677,Ravi Mendis,ravi.mendis314@mail.test,FI,2025-10-27 05:00:00
P01678,Emma Wong,emma.wong494@mail.test,SE,2025-04-25 11:00:00
P01679,Dev Costa,dev.costa812@mail.test,FI,2025-04-03 06:00:00
P01680,Sofia Brown,sofia.brown689@mail.test,BR,2025-12-31 00:00:00
P01681,Nina Ahmed,nina.ahmed760@mail.test,GB,2025-09-26 00:00:00
P01682,Zara Taylor,zara.taylor490@mail.test,IN,2025-08-15 02:00:00
P01683,Nina Reid,nina.reid746@mail.test,SE,2025-12-12 12:00:00
P01684,Lucas Costa,lucas.costa510@mail.test,GB,2025-09-24 04:00:00
P01685,Noah Silva,noah.silva738@mail.test,CA,2025-06-21 20:00:00
P01686,Zara Smith,zara.smith555@mail.test,IN,2025-06-20 09:00:00
P01687,Noah Mendis,noah.mendis735@mail.test,BR,2025-04-24 17:00:00
P01688,Ivy Ali,ivy.ali401@mail.test,GB,2025-03-17 13:00:00
P01689,Tara Garcia,tara.garcia568@mail.test,BR,2025-08-02 12:00:00
P01690,Aiden Taylor,aiden.taylor789@mail.test,CA,2026-02-14 00:00:00
P01691,Noah Novak,noah.novak347@mail.test,SE,2025-10-13 23:00:00
P01692,Chloe Reid,chloe.reid867@mail.test,FI,2025-06-02 04:00:00
P01693,Tara Wong,tara.wong887@mail.test,NZ,2025-06-11 00:00:00
P01694,Nina Kim,nina.kim21@mail.test,CA,2025-12-20 00:00:00
P01695,Zara Garcia,zara.garcia664@mail.test,CA,2025-03-01 17:00:00
P01696,Sofia Lopez,sofia.lopez847@mail.test,GB,2025-04-28 03:00:00
P01697,Omar Nair,omar.nair472@mail.test,DE,2026-03-28 07:00:00
P01698,Emma Garcia,emma.garcia914@mail.test,GB,2025-11-02 11:00:00
P01699,Emma Fernando,emma.fernando876@mail.test,NZ,2025-11-21 12:00:00
P01700,Aiden Mendis,aiden.mendis941@mail.test,CA,2025-05-27 09:00:00
P01701,Emma Mendis,emma.mendis575@mail.test,FI,2025-04-01 08:00:00
P01702,Liam Ali,liam.ali180@mail.test,DE,2025-05-22 00:00:00
P01703,Liam Smith,liam.smith469@mail.test,SE,2025-06-04 09:00:00
P01704,Nina Ali,nina.ali211@mail.test,CA,2025-06-14 19:00:00
P01705,Tara Brown,tara.brown448@mail.test,CA,2025-11-30 03:00:00
P01706,Noah Khan,noah.khan342@mail.test,DE,2026-03-15 19:00:00
P01707,Ethan Nair,ethan.nair27@mail.test,GB,2025-02-26 09:00:00
P01708,Maya Nair,maya.nair274@mail.test,IN,2025-09-08 11:00:00
P01709,Lucas Ali,lucas.ali51@mail.test,BR,2025-03-01 14:00:00
P01710,Sofia Kim,sofia.kim123@mail.test,NZ,2025-10-04 00:00:00
P01711,Ravi Taylor,ravi.taylor742@mail.test,CA,2025-08-09 01:00:00
P01712,Noah Silva,noah.silva922@mail.test,SE,2025-04-09 08:00:00
P01713,Zara Perera,zara.perera845@mail.test,NZ,2025-09-07 08:00:00
P01714,Emma Smith,emma.smith721@mail.test,NZ,2026-03-17 02:00:00
P01715,Ivy Ahmed,ivy.ahmed240@mail.test,GB,2025-12-10 14:00:00
P01716,Maya Costa,maya.costa160@mail.test,DE,2025-05-01 20:00:00
P01717,Ivy Garcia,ivy.garcia145@mail.test,BR,2025-10-30 20:00:00
P01718,Noah Khan,noah.khan452@mail.test,IN,2025-04-17 07:00:00
P01719,Liam Fernando,liam.fernando943@mail.test,BR,2025-11-11 05:00:00
P01720,Nina Wong,nina.wong575@mail.test,FI,2025-10-09 20:00:00
P01721,Yusuf Ali,yusuf.ali897@mail.test,CA,2025-09-13 05:00:00
P01722,Ravi Mendis,ravi.mendis644@mail.test,CA,2025-06-25 01:00:00
P01723,Omar Brown,omar.brown624@mail.test,DE,2025-08-02 17:00:00
P01724,Amara Novak,amara.novak967@mail.test,GB,2025-10-07 21:00:00
P01725,Dev Taylor,dev.taylor601@mail.test,BR,2025-03-14 16:00:00
P01726,Sofia Lopez,sofia.lopez479@mail.test,SE,2025-06-06 11:00:00
P01727,Aiden Smith,aiden.smith965@mail.test,FI,2025-12-20 03:00:00
P01728,Ravi Garcia,ravi.garcia254@mail.test,SE,2025-04-21 15:00:00
P01729,Omar Lopez,omar.lopez802@mail.test,NZ,2025-06-28 19:00:00
P01730,Ethan Ali,ethan.ali244@mail.test,NZ,2025-02-27 13:00:00
P01731,Maya Perera,maya.perera394@mail.test,BR,2025-12-15 19:00:00
P01732,Liam Reid,liam.reid272@mail.test,IN,2026-03-26 16:00:00
P01733,Lucas Perera,lucas.perera106@mail.test,BR,2026-01-28 15:00:00
P01734,Noah Fernando,noah.fernando109@mail.test,CA,2025-04-20 05:00:00
P01735,Lucas Novak,lucas.novak257@mail.test,IN,2026-03-27 23:00:00
P01736,Liam Silva,liam.silva984@mail.test,SE,2025-09-09 07:00:00
P01737,Omar Silva,omar.silva850@mail.test,NZ,2026-02-09 14:00:00
P01738,Zara Jones,zara.jones807@mail.test,CA,2025-12-24 00:00:00
P01739,Aiden Smith,aiden.smith428@mail.test,BR,2025-12-12 11:00:00
P01740,Hugo Reid,hugo.reid641@mail.test,BR,2026-03-26 09:00:00
P01741,Noah Ahmed,noah.ahmed699@mail.test,SE,2025-08-11 17:00:00
P01742,Maya Patel,maya.patel880@mail.test,SE,2025-07-05 05:00:00
P01743,Amara Kim,amara.kim263@mail.test,IN,2025-08-12 10:00:00
P01744,Lucas Lopez,lucas.lopez793@mail.test,GB,2026-02-12 20:00:00
P01745,Aiden Wong,aiden.wong817@mail.test,BR,2025-10-29 07:00:00
P01746,Ethan Wong,ethan.wong627@mail.test,GB,2026-01-09 11:00:00
P01747,Maya Nair,maya.nair26@mail.test,NZ,2026-02-20 00:00:00
P01748,Ethan Wong,ethan.wong660@mail.test,BR,2025-03-31 08:00:00
P01749,Nina Fernando,nina.fernando525@mail.test,CA,2025-03-03 06:00:00
P01750,Layla Khan,layla.khan599@mail.test,FI,2025-09-06 20:00:00
P01751,Amara Nair,amara.nair424@mail.test,IN,2025-03-15 02:00:00
P01752,Ivy Lopez,ivy.lopez136@mail.test,FI,2025-11-20 10:00:00
P01753,Zara Wong,zara.wong715@mail.test,FI,2025-04-28 20:00:00
P01754,Chloe Perera,chloe.perera192@mail.test,NZ,2025-05-15 21:00:00
P01755,Layla Brown,layla.brown321@mail.test,SE,2025-04-28 00:00:00
P01756,Omar Patel,omar.patel682@mail.test,GB,2025-09-09 23:00:00
P01757,Omar Reid,omar.reid890@mail.test,SE,2026-02-05 16:00:00
P01758,Chloe Jones,chloe.jones660@mail.test,DE,2026-03-17 04:00:00
P01759,Emma Smith,emma.smith823@mail.test,BR,2025-04-11 23:00:00
P01760,Layla Smith,layla.smith941@mail.test,FI,2026-01-02 15:00:00
P01761,Emma Kim,emma.kim475@mail.test,BR,2025-04-12 16:00:00
P01762,Maya Silva,maya.silva891@mail.test,NZ,2025-10-04 13:00:00
P01763,Chloe Smith,chloe.smith279@mail.test,SE,2025-05-09 17:00:00
P01764,Liam Kim,liam.kim721@mail.test,BR,2025-11-15 23:00:00
P01765,Noah Nair,noah.nair622@mail.test,IN,2025-08-22 19:00:00
P01766,Liam Lopez,liam.lopez458@mail.test,NZ,2025-03-06 02:00:00
P01767,Sofia Novak,sofia.novak531@mail.test,BR,2025-09-15 20:00:00
P01768,Sofia Silva,sofia.silva155@mail.test,BR,2025-08-02 20:00:00
P01769,Ethan Perera,ethan.perera630@mail.test,GB,2025-04-25 18:00:00
P01770,Dev Patel,dev.patel739@mail.test,IN,2025-07-24 18:00:00
P01771,Yusuf Ahmed,yusuf.ahmed449@mail.test,FI,2025-05-01 01:00:00
P01772,Layla Ahmed,layla.ahmed418@mail.test,GB,2025-10-25 01:00:00
P01773,Omar Smith,omar.smith389@mail.test,CA,2026-02-08 15:00:00
P01774,Zara Khan,zara.khan751@mail.test,GB,2026-03-18 12:00:00
P01775,Dev Fernando,dev.fernando542@mail.test,FI,2025-08-14 07:00:00
P01776,Amara Kim,amara.kim99@mail.test,BR,2025-04-25 10:00:00
P01777,Aiden Taylor,aiden.taylor596@mail.test,DE,2025-03-07 06:00:00
P01778,Ethan Nair,ethan.nair598@mail.test,DE,2025-05-19 18:00:00
P01779,Maya Ali,maya.ali9@mail.test,NZ,2025-11-07 14:00:00
P01780,Maya Ahmed,maya.ahmed610@mail.test,GB,2026-02-22 17:00:00
P01781,Chloe Khan,chloe.khan691@mail.test,DE,2025-09-04 13:00:00
P01782,Zara Smith,zara.smith776@mail.test,BR,2026-03-25 20:00:00
P01783,Omar Costa,omar.costa82@mail.test,CA,2025-04-02 23:00:00
P01784,Ivy Nair,ivy.nair413@mail.test,NZ,2025-05-17 14:00:00
P01785,Aiden Nair,aiden.nair590@mail.test,BR,2025-12-25 22:00:00
P01786,Nina Garcia,nina.garcia317@mail.test,FI,2025-04-03 22:00:00
P01787,Dev Ahmed,dev.ahmed475@mail.test,IN,2025-07-18 01:00:00
P01788,Layla Smith,layla.smith348@mail.test,GB,2025-05-08 12:00:00
P01789,Chloe Taylor,chloe.taylor976@mail.test,GB,2025-08-12 18:00:00
P01790,Layla Costa,layla.costa395@mail.test,GB,2025-09-07 01:00:00
P01791,Layla Fernando,layla.fernando722@mail.test,CA,2025-08-25 09:00:00
P01792,Layla Jones,layla.jones616@mail.test,CA,2025-10-31 03:00:00
P01793,Nina Perera,nina.perera504@mail.test,GB,2026-03-08 03:00:00
P01794,Lucas Wong,lucas.wong757@mail.test,DE,2025-10-03 06:00:00
P01795,Layla Ali,layla.ali327@mail.test,GB,2025-04-28 16:00:00
P01796,Emma Khan,emma.khan631@mail.test,DE,2025-06-20 07:00:00
P01797,Amara Reid,amara.reid190@mail.test,GB,2025-04-18 00:00:00
P01798,Sofia Kim,sofia.kim407@mail.test,CA,2025-08-23 21:00:00
P01799,Chloe Costa,chloe.costa379@mail.test,GB,2025-07-10 14:00:00
P01800,Amara Ali,amara.ali526@mail.test,GB,2025-04-12 13:00:00
P01801,Omar Mendis,omar.mendis787@mail.test,FI,2025-03-18 08:00:00
P01802,Zara Perera,zara.perera338@mail.test,GB,2026-01-24 06:00:00
P01803,Ravi Ahmed,ravi.ahmed192@mail.test,FI,2026-02-18 10:00:00
P01804,Sofia Khan,sofia.khan124@mail.test,GB,2025-07-22 04:00:00
P01805,Nina Reid,nina.reid935@mail.test,CA,2025-03-10 17:00:00
P01806,Aiden Ali,aiden.ali574@mail.test,CA,2025-09-17 22:00:00
P01807,Aiden Patel,aiden.patel860@mail.test,SE,2025-08-22 11:00:00
P01808,Lucas Ali,lucas.ali493@mail.test,BR,2025-07-27 04:00:00
P01809,Zara Ali,zara.ali972@mail.test,CA,2025-07-28 05:00:00
P01810,Sofia Nair,sofia.nair56@mail.test,DE,2025-10-24 19:00:00
P01811,Tara Mendis,tara.mendis895@mail.test,SE,2025-07-21 16:00:00
P01812,Tara Perera,tara.perera722@mail.test,DE,2025-06-25 00:00:00
P01813,Yusuf Ali,yusuf.ali80@mail.test,BR,2025-11-16 12:00:00
P01814,Omar Jones,omar.jones202@mail.test,IN,2026-01-02 03:00:00
P01815,Tara Costa,tara.costa371@mail.test,BR,2025-03-16 16:00:00
P01816,Omar Lopez,omar.lopez140@mail.test,GB,2025-06-22 22:00:00
P01817,Noah Silva,noah.silva328@mail.test,BR,2025-11-18 14:00:00
P01818,Liam Lopez,liam.lopez217@mail.test,FI,2026-01-05 10:00:00
P01819,Maya Perera,maya.perera325@mail.test,IN,2025-04-04 17:00:00
P01820,Layla Nair,layla.nair517@mail.test,SE,2025-09-02 14:00:00
P01821,Yusuf Garcia,yusuf.garcia563@mail.test,BR,2026-03-14 22:00:00
P01822,Emma Lopez,emma.lopez438@mail.test,GB,2025-07-03 18:00:00
P01823,Noah Novak,noah.novak500@mail.test,NZ,2025-11-12 06:00:00
P01824,Ethan Wong,ethan.wong677@mail.test,NZ,2026-03-22 19:00:00
P01825,Maya Mendis,maya.mendis651@mail.test,IN,2025-05-20 22:00:00
P01826,Dev Wong,dev.wong936@mail.test,SE,2025-10-24 04:00:00
P01827,Omar Wong,omar.wong264@mail.test,FI,2025-03-16 18:00:00
P01828,Yusuf Nair,yusuf.nair622@mail.test,IN,2025-08-01 21:00:00
P01829,Maya Ali,maya.ali210@mail.test,DE,2025-11-24 22:00:00
P01830,Liam Costa,liam.costa925@mail.test,BR,2026-01-29 04:00:00
P01831,Yusuf Fernando,yusuf.fernando946@mail.test,IN,2026-03-27 17:00:00
P01832,Ravi Wong,ravi.wong695@mail.test,FI,2025-11-09 13:00:00
P01833,Chloe Patel,chloe.patel816@mail.test,CA,2025-11-25 03:00:00
P01834,Dev Costa,dev.costa986@mail.test,SE,2025-06-08 15:00:00
P01835,Lucas Brown,lucas.brown602@mail.test,BR,2025-11-04 20:00:00
P01836,Lucas Perera,lucas.perera749@mail.test,FI,2025-07-09 20:00:00
P01837,Ethan Smith,ethan.smith653@mail.test,GB,2025-04-13 20:00:00
P01838,Emma Patel,emma.patel750@mail.test,DE,2025-12-11 09:00:00
P01839,Omar Kim,omar.kim508@mail.test,BR,2025-05-21 04:00:00
P01840,Sofia Lopez,sofia.lopez260@mail.test,BR,2025-11-18 10:00:00
P01841,Ethan Smith,ethan.smith973@mail.test,SE,2025-04-02 05:00:00
P01842,Lucas Reid,lucas.reid573@mail.test,CA,2025-12-25 19:00:00
P01843,Yusuf Smith,yusuf.smith706@mail.test,GB,2025-06-27 08:00:00
P01844,Emma Patel,emma.patel68@mail.test,FI,2025-04-05 18:00:00
P01845,Lucas Taylor,lucas.taylor494@mail.test,BR,2025-12-13 12:00:00
P01846,Emma Reid,emma.reid382@mail.test,FI,2025-08-25 13:00:00
P01847,Lucas Taylor,lucas.taylor713@mail.test,NZ,2025-05-28 16:00:00
P01848,Ivy Reid,ivy.reid595@mail.test,SE,2025-06-20 16:00:00
P01849,Liam Mendis,liam.mendis631@mail.test,IN,2025-03-11 18:00:00
P01850,Chloe Nair,chloe.nair288@mail.test,NZ,2025-06-18 01:00:00
P01851,Layla Brown,layla.brown908@mail.test,CA,2025-08-24 06:00:00
P01852,Sofia Ali,sofia.ali576@mail.test,IN,2025-11-09 16:00:00
P01853,Maya Taylor,maya.taylor564@mail.test,DE,2025-10-25 08:00:00
P01854,Sofia Fernando,sofia.fernando597@mail.test,FI,2025-08-30 16:00:00
P01855,Amara Mendis,amara.mendis361@mail.test,SE,2025-08-18 11:00:00
P01856,Tara Nair,tara.nair561@mail.test,FI,2025-12-23 16:00:00
P01857,Dev Mendis,dev.mendis197@mail.test,FI,2026-03-22 09:00:00
P01858,Lucas Patel,lucas.patel967@mail.test,GB,2025-05-22 00:00:00
P01859,Zara Ahmed,zara.ahmed765@mail.test,NZ,2025-03-12 03:00:00
P01860,Yusuf Silva,yusuf.silva597@mail.test,FI,2025-11-26 23:00:00
P01861,Aiden Jones,aiden.jones58@mail.test,NZ,2026-03-10 03:00:00
P01862,Zara Ali,zara.ali906@mail.test,CA,2026-02-08 03:00:00
P01863,Amara Silva,amara.silva837@mail.test,FI,2025-09-07 13:00:00
P01864,Layla Mendis,layla.mendis863@mail.test,BR,2025-06-16 01:00:00
P01865,Lucas Perera,lucas.perera900@mail.test,BR,2025-06-08 19:00:00
P01866,Ravi Smith,ravi.smith889@mail.test,SE,2025-08-05 09:00:00
P01867,Dev Khan,dev.khan54@mail.test,CA,2025-10-02 16:00:00
P01868,Ravi Fernando,ravi.fernando74@mail.test,NZ,2026-04-01 03:00:00
P01869,Aiden Ahmed,aiden.ahmed717@mail.test,SE,2025-03-08 04:00:00
P01870,Tara Fernando,tara.fernando381@mail.test,BR,2025-12-25 15:00:00
P01871,Aiden Smith,aiden.smith553@mail.test,BR,2026-03-22 01:00:00
P01872,Tara Costa,tara.costa337@mail.test,NZ,2025-03-04 00:00:00
P01873,Liam Brown,liam.brown522@mail.test,CA,2025-09-21 04:00:00
P01874,Zara Garcia,zara.garcia611@mail.test,NZ,2025-08-04 03:00:00
P01875,Aiden Patel,aiden.patel229@mail.test,CA,2025-04-08 14:00:00
P01876,Liam Fernando,liam.fernando166@mail.test,BR,2026-01-07 21:00:00
P01877,Liam Costa,liam.costa738@mail.test,CA,2025-07-25 08:00:00
P01878,Hugo Khan,hugo.khan659@mail.test,GB,2025-04-12 10:00:00
P01879,Maya Kim,maya.kim232@mail.test,GB,2026-01-12 19:00:00
P01880,Tara Silva,tara.silva382@mail.test,CA,2025-03-14 23:00:00
P01881,Ravi Kim,ravi.kim292@mail.test,NZ,2025-11-22 19:00:00
P01882,Noah Fernando,noah.fernando369@mail.test,NZ,2025-03-06 15:00:00
P01883,Liam Perera,liam.perera383@mail.test,CA,2025-10-11 01:00:00
P01884,Liam Taylor,liam.taylor583@mail.test,CA,2025-04-25 18:00:00
P01885,Sofia Mendis,sofia.mendis13@mail.test,GB,2025-10-20 21:00:00
P01886,Maya Ahmed,maya.ahmed377@mail.test,DE,2025-12-12 06:00:00
P01887,Lucas Fernando,lucas.fernando946@mail.test,CA,2025-05-13 18:00:00
P01888,Lucas Perera,lucas.perera665@mail.test,FI,2025-06-15 00:00:00
P01889,Ethan Ahmed,ethan.ahmed529@mail.test,DE,2026-01-05 05:00:00
P01890,Chloe Costa,chloe.costa228@mail.test,IN,2025-05-18 18:00:00
P01891,Liam Nair,liam.nair954@mail.test,FI,2025-03-10 19:00:00
P01892,Dev Ahmed,dev.ahmed794@mail.test,NZ,2025-05-13 12:00:00
P01893,Yusuf Wong,yusuf.wong756@mail.test,DE,2026-01-08 21:00:00
P01894,Zara Khan,zara.khan181@mail.test,NZ,2025-06-07 10:00:00
P01895,Chloe Wong,chloe.wong573@mail.test,BR,2025-11-21 18:00:00
P01896,Amara Taylor,amara.taylor675@mail.test,GB,2025-05-02 23:00:00
P01897,Chloe Nair,chloe.nair335@mail.test,GB,2025-12-17 05:00:00
P01898,Aiden Costa,aiden.costa339@mail.test,FI,2025-12-29 13:00:00
P01899,Emma Mendis,emma.mendis63@mail.test,FI,2025-12-20 15:00:00
P01900,Aiden Reid,aiden.reid641@mail.test,NZ,2025-12-14 17:00:00
P01901,Ethan Novak,ethan.novak148@mail.test,NZ,2025-08-17 07:00:00
P01902,Emma Wong,emma.wong678@mail.test,GB,2025-03-15 03:00:00
P01903,Dev Jones,dev.jones895@mail.test,BR,2025-09-01 13:00:00
P01904,Nina Mendis,nina.mendis230@mail.test,CA,2025-10-30 21:00:00
P01905,Layla Patel,layla.patel7@mail.test,CA,2025-07-15 12:00:00
P01906,Ivy Brown,ivy.brown291@mail.test,NZ,2025-03-16 03:00:00
P01907,Ethan Costa,ethan.costa458@mail.test,FI,2025-02-27 18:00:00
P01908,Ethan Reid,ethan.reid450@mail.test,IN,2025-04-26 20:00:00
P01909,Liam Reid,liam.reid422@mail.test,GB,2025-07-10 20:00:00
P01910,Nina Jones,nina.jones136@mail.test,IN,2025-11-28 22:00:00
P01911,Lucas Costa,lucas.costa156@mail.test,BR,2025-12-29 12:00:00
P01912,Lucas Brown,lucas.brown764@mail.test,IN,2025-10-14 16:00:00
P01913,Ivy Jones,ivy.jones723@mail.test,DE,2026-02-23 14:00:00
P01914,Amara Ahmed,amara.ahmed727@mail.test,CA,2025-11-16 16:00:00
P01915,Emma Perera,emma.perera734@mail.test,GB,2025-08-04 10:00:00
P01916,Emma Taylor,emma.taylor808@mail.test,DE,2025-02-27 16:00:00
P01917,Ivy Mendis,ivy.mendis953@mail.test,IN,2025-06-08 18:00:00
P01918,Sofia Reid,sofia.reid586@mail.test,CA,2026-01-13 06:00:00
P01919,Emma Novak,emma.novak797@mail.test,GB,2025-10-03 08:00:00
P01920,Omar Lopez,omar.lopez717@mail.test,SE,2025-03-25 02:00:00
P01921,Ravi Kim,ravi.kim22@mail.test,DE,2026-01-12 23:00:00
P01922,Ravi Silva,ravi.silva734@mail.test,DE,2025-09-12 12:00:00
P01923,Layla Khan,layla.khan6@mail.test,CA,2025-07-16 16:00:00
P01924,Tara Reid,tara.reid921@mail.test,BR,2026-02-14 18:00:00
P01925,Zara Costa,zara.costa436@mail.test,IN,2025-11-22 21:00:00
P01926,Layla Brown,layla.brown68@mail.test,GB,2025-06-29 17:00:00
P01927,Zara Patel,zara.patel325@mail.test,CA,2025-10-23 23:00:00
P01928,Nina Ahmed,nina.ahmed526@mail.test,IN,2026-01-26 03:00:00
P01929,Emma Perera,emma.perera492@mail.test,IN,2025-12-14 09:00:00
P01930,Tara Patel,tara.patel131@mail.test,IN,2025-05-18 14:00:00
P01931,Lucas Ali,lucas.ali692@mail.test,GB,2025-04-13 12:00:00
P01932,Ethan Mendis,ethan.mendis6@mail.test,BR,2025-11-02 16:00:00
P01933,Yusuf Reid,yusuf.reid402@mail.test,BR,2025-03-06 18:00:00
P01934,Aiden Mendis,aiden.mendis174@mail.test,CA,2025-08-27 02:00:00
P01935,Ravi Reid,ravi.reid786@mail.test,NZ,2025-07-27 03:00:00
P01936,Yusuf Fernando,yusuf.fernando814@mail.test,FI,2025-07-13 22:00:00
P01937,Nina Mendis,nina.mendis715@mail.test,NZ,2026-03-05 19:00:00
P01938,Sofia Nair,sofia.nair214@mail.test,IN,2025-12-12 09:00:00
P01939,Ravi Ali,ravi.ali136@mail.test,BR,2026-01-11 07:00:00
P01940,Liam Wong,liam.wong27@mail.test,DE,2025-07-12 09:00:00
P01941,Sofia Ali,sofia.ali987@mail.test,NZ,2025-11-25 16:00:00
P01942,Noah Ali,noah.ali197@mail.test,SE,2025-12-01 04:00:00
P01943,Yusuf Jones,yusuf.jones781@mail.test,NZ,2025-11-03 12:00:00
P01944,Yusuf Costa,yusuf.costa482@mail.test,CA,2025-11-07 01:00:00
P01945,Emma Khan,emma.khan290@mail.test,IN,2026-01-09 21:00:00
P01946,Dev Smith,dev.smith465@mail.test,SE,2025-06-25 08:00:00
P01947,Ivy Smith,ivy.smith197@mail.test,FI,2025-03-03 06:00:00
P01948,Yusuf Patel,yusuf.patel534@mail.test,BR,2025-05-23 22:00:00
P01949,Ivy Ahmed,ivy.ahmed610@mail.test,SE,2025-09-07 14:00:00
P01950,Aiden Lopez,aiden.lopez448@mail.test,IN,2025-08-30 05:00:00
P01951,Lucas Ahmed,lucas.ahmed51@mail.test,FI,2025-04-04 19:00:00
P01952,Dev Taylor,dev.taylor546@mail.test,DE,2025-04-13 23:00:00
P01953,Emma Silva,emma.silva55@mail.test,NZ,2026-03-24 12:00:00
P01954,Yusuf Ahmed,yusuf.ahmed912@mail.test,SE,2025-11-24 15:00:00
P01955,Ivy Jones,ivy.jones917@mail.test,CA,2025-11-09 12:00:00
P01956,Noah Costa,noah.costa709@mail.test,DE,2026-03-24 19:00:00
P01957,Layla Ahmed,layla.ahmed656@mail.test,BR,2025-06-03 03:00:00
P01958,Lucas Silva,lucas.silva718@mail.test,GB,2025-07-30 22:00:00
P01959,Sofia Ali,sofia.ali133@mail.test,DE,2026-02-26 10:00:00
P01960,Hugo Lopez,hugo.lopez796@mail.test,NZ,2025-03-24 08:00:00
P01961,Emma Mendis,emma.mendis187@mail.test,DE,2026-02-13 15:00:00
P01962,Zara Khan,zara.khan828@mail.test,FI,2025-11-05 09:00:00
P01963,Yusuf Patel,yusuf.patel982@mail.test,SE,2026-02-03 01:00:00
P01964,Maya Patel,maya.patel907@mail.test,IN,2025-06-30 01:00:00
P01965,Chloe Ali,chloe.ali659@mail.test,GB,2025-07-18 10:00:00
P01966,Chloe Lopez,chloe.lopez531@mail.test,FI,2025-04-16 20:00:00
P01967,Maya Costa,maya.costa786@mail.test,FI,2025-10-02 01:00:00
P01968,Layla Brown,layla.brown387@mail.test,BR,2026-02-09 08:00:00
P01969,Omar Wong,omar.wong617@mail.test,CA,2025-12-10 05:00:00
P01970,Sofia Costa,sofia.costa868@mail.test,GB,2025-11-28 04:00:00
P01971,Chloe Garcia,chloe.garcia327@mail.test,DE,2025-03-09 01:00:00
P01972,Aiden Kim,aiden.kim393@mail.test,NZ,2026-03-14 10:00:00
P01973,Lucas Fernando,lucas.fernando349@mail.test,DE,2025-03-26 15:00:00
P01974,Omar Khan,omar.khan277@mail.test,SE,2025-03-10 18:00:00
P01975,Noah Perera,noah.perera884@mail.test,IN,2025-10-13 04:00:00
P01976,Nina Jones,nina.jones389@mail.test,NZ,2025-11-07 13:00:00
P01977,Yusuf Reid,yusuf.reid488@mail.test,GB,2025-04-06 09:00:00
P01978,Hugo Khan,hugo.khan546@mail.test,IN,2026-02-08 08:00:00
P01979,Ivy Brown,ivy.brown55@mail.test,CA,2025-12-09 06:00:00
P01980,Ravi Smith,ravi.smith340@mail.test,SE,2025-11-27 10:00:00
P01981,Zara Lopez,zara.lopez130@mail.test,GB,2025-09-23 03:00:00
P01982,Sofia Jones,sofia.jones952@mail.test,SE,2026-03-18 05:00:00
P01983,Chloe Mendis,chloe.mendis384@mail.test,FI,2025-08-14 05:00:00
P01984,Liam Smith,liam.smith276@mail.test,CA,2025-06-22 12:00:00
P01985,Chloe Wong,chloe.wong769@mail.test,SE,2025-07-14 03:00:00
P01986,Dev Novak,dev.novak184@mail.test,DE,2025-04-08 17:00:00
P01987,Sofia Costa,sofia.costa782@mail.test,IN,2026-02-24 21:00:00
P01988,Hugo Kim,hugo.kim298@mail.test,GB,2025-04-02 19:00:00
P01989,Ravi Perera,ravi.perera822@mail.test,CA,2025-05-01 17:00:00
P01990,Liam Perera,liam.perera80@mail.test,NZ,2025-08-26 07:00:00
P01991,Omar Novak,omar.novak350@mail.test,BR,2025-03-15 20:00:00
P01992,Layla Patel,layla.patel944@mail.test,DE,2025-11-10 05:00:00
P01993,Liam Brown,liam.brown789@mail.test,IN,2026-03-07 01:00:00
P01994,Liam Kim,liam.kim35@mail.test,IN,2025-08-25 13:00:00
P01995,Zara Brown,zara.brown15@mail.test,DE,2026-01-02 19:00:00
P01996,Lucas Mendis,lucas.mendis854@mail.test,NZ,2026-01-04 10:00:00
P01997,Layla Patel,layla.patel319@mail.test,BR,2025-04-07 21:00:00
P01998,Amara Taylor,amara.taylor537@mail.test,CA,2025-02-26 09:00:00
P01999,Ethan Wong,ethan.wong515@mail.test,DE,2025-12-20 08:00:00
P02000,Aiden Smith,aiden.smith958@mail.test,SE,2025-08-28 14:00:00
